Pheno_code,ShapValues_cv,TotalGain_cv,TotalCover_cv,Ensemble,FieldID,Path,Category,FieldName,Participants,Items,Stability,ValueType,Units,ItemType,Strata,Sexed,Instances,Array,Notes
20500-0.0,0.036425795,0.155392315,0.006177778,0.065998629,20500,Online follow-up > Mental health > Mental distress,137,Suffering mental distress ,157336,157336,Accruing,Categorical single,,Data,Primary,Unisex,1,1,Question asked: \In your life
20450-0.0,0.049736673,0.143325509,0.016622222,0.069894801,20450,Online follow-up > Mental health > Depression,138,Feelings of worthlessness,89028,89028,Accruing,Categorical single,,Data,Primary,Unisex,1,1,Question asked: \People sometimes feel down on themselves
20433-0.0,0.084473503,0.08942191,0.092111111,0.088668841,20433,Online follow-up > Mental health > Depression,138,Age at first episode of depression,89028,89028,Accruing,Integer,,Data,Primary,Unisex,1,1,"Question asked: \About how old were you the FIRST time you had a period of two weeks like this? (Whether or not you received any help for it.)\""  Question was asked when ~F20446~ was Yes or ~F20441~ was Yes."""
2100-0.0,0.077545748,0.08152259,0.041288889,0.066785742,2100,UK Biobank Assessment Centre > Touchscreen > Psychosocial factors > Mental health,100060,Seen psychiatrists for  anxiety/depression,501590,574016,Complete,Categorical single,,Data,Primary,Unisex,4,1,ACE touchscreen question \Have you ever seen a psychiatrist for nerves
20437-0.0,0.088006618,0.074103406,0.051244444,0.071118156,20437,Online follow-up > Mental health > Depression,138,Thoughts of death during depression,89028,89028,Accruing,Categorical single,,Data,Primary,Unisex,1,1,Question asked: \Did you think a lot about death - either your own
20499-0.0,0.011236792,0.053965436,0.002511111,0.022571113,20499,Online follow-up > Mental health > Mental distress,137,Ever sought/received help for mental distress,157336,157336,Accruing,Categorical single,,Data,Primary,Unisex,1,1,Question asked: \In your life
20544-0.0-11,0.048557109,0.044026621,0.014533333,0.035705687,20544,Online follow-up > Mental health > Mental distress,137,Depression diagnosed by professional,50088,74866,Accruing,Categorical multiple,,Data,Primary,Unisex,1,16,Question asked: \Have you been diagnosed with one or more of the following mental health problems by a professional
20531-0.0,0.017879288,0.03332003,0.025888889,0.025696069,20531,Online follow-up > Mental health > Traumatic events,145,Victim of sexual assault,157336,157336,Accruing,Categorical single,,Data,Primary,Unisex,1,1,Question asked: \In your life
20489-0.0,0.021131412,0.027057018,0.027555556,0.025247995,20489,Online follow-up > Mental health > Traumatic events,145,Felt loved as a child,157336,157336,Accruing,Categorical single,,Data,Primary,Unisex,1,1,"Question asked: \When I was growing up... I felt loved\"""""
2149-0.0,0.041081913,0.021043415,0.042733333,0.034952887,2149,UK Biobank Assessment Centre > Touchscreen > Lifestyle and environment > Sexual factors,100056,Lifetime number of sexual partners,452367,516582,Complete,Integer,,Data,Primary,Unisex,4,1,"ACE touchscreen question \About how many sexual partners have you had in your lifetime?\"" The following checks were performed:  If answer   If answer > 99997 then rejected  If answer > 99 then participant asked to confirm   If the participant activated the Help button they were shown the message:     Sexual intercourse includes vaginal"
20487-0.0,0.011290609,0.019321623,0.016422222,0.015678151,20487,Online follow-up > Mental health > Traumatic events,145,Felt hated by family member as a child,157336,157336,Accruing,Categorical single,,Data,Primary,Unisex,1,1,"Question asked: \When I was growing up... I felt that someone in my family hated me\"""""
99999992-0.0,0.009698724,0.018240189,0.021888889,0.016609267,99999992,,,Traumatic events,,,,,,,,,,,Traumatic events
20523-0.0,0.017460059,0.016602515,0.022155556,0.018739377,20523,Online follow-up > Mental health > Traumatic events,145,Physical violence by partners,157336,157336,Accruing,Categorical single,,Data,Primary,Unisex,1,1,"Question asked: \Since I was sixteen... A partner or ex-partner deliberately hit me or used violence in any other way\"""""
20521-0.0,0.007682591,0.014035088,0.0136,0.01177256,20521,Online follow-up > Mental health > Traumatic events,145,Belittlement by partners,157336,157336,Accruing,Categorical single,,Data,Primary,Unisex,1,1,"Question asked: \Since I was sixteen... A partner or ex-partner repeatedly belittled me to the extent that I felt worthless\"""""
20436-0.0,0.010803546,0.013502381,0.025155556,0.016487161,20436,Online follow-up > Mental health > Depression,138,Fraction of day affected during depression,89028,89028,Accruing,Categorical single,,Data,Primary,Unisex,1,1,"Question asked: \How much of the day did these feelings usually last?\""  Question was asked when ~F20446~ was Yes or ~F20441~ was Yes."""
20162-0.0,0.015776008,0.013286444,0.018311111,0.015791188,20162,UK Biobank Assessment Centre > Touchscreen > Lifestyle and environment > Smoking,100058,Smoking years as proportion of life span,152641,168670,Complete,Continuous,Units,Data,Derived,Unisex,4,1,"Average number of pack-years smoked by an individual each year, over their adult lifetime, calculated using pack-years data field. Pack years as a proportion of lifespan exposed to smoking is defined as pack years divided by the number of years between the participants' age at recruitment and the age of 16:   Pack years / (Age at recruitment - 16)   This derived data field has come from Professor Martin Tobin at the University of Leicester."
2139-0.0,0.028715743,0.01085343,0.025466667,0.021678613,2139,UK Biobank Assessment Centre > Touchscreen > Lifestyle and environment > Sexual factors,100056,Age first had sexual intercourse,456561,521399,Complete,Integer,years,Data,Primary,Unisex,4,1,ACE touchscreen question \What was your age when you first had sexual intercourse? (Sexual intercourse includes vaginal
20546-0.0-4,0.00683034,0.010386883,0.019622222,0.012279815,20546,Online follow-up > Mental health > Depression,138,Drugs or alcohol  taken for depression,45709,54575,Accruing,Categorical multiple,,Data,Primary,Unisex,1,3,"Question asked: \Did you ever try the following for these problems? (tick all that apply)\""  Participant was offered a set of options which have been combined here into a single answer  Question was asked when ~F20446~ was Yes or ~F20441~ was Yes."""
20513-0.0,0.003359197,0.009514613,0.019311111,0.010728307,20513,Online follow-up > Mental health > Depression,138,Recent thoughts of suicide or self-harm,157336,157336,Accruing,Categorical single,,Data,Primary,Unisex,1,1,Question asked: \Over the last 2 weeks
189-0.0,0.064736552,0.00918187,0.021488889,0.031802437,189,Population characteristics > Baseline characteristics,100094,Townsend deprivation index ,501861,501861,Complete,Continuous,,Data,Derived,Unisex,1,1,Townsend deprivation index calculated immediately prior to participant joining UK Biobank. Based on the preceding national census output areas. Each participant is assigned a score corresponding to the output area in which their postcode is located.
699-0.0,0.030195881,0.007709008,0.022244444,0.020049778,699,UK Biobank Assessment Centre > Touchscreen > Sociodemographics > Household,100066,Length of time at current address,501634,574060,Complete,Integer,years,Data,Primary,Unisex,4,1,"ACE touchscreen question \How many years have you lived at your current address?\"" The following checks were performed:  If answer   If answer > Participants age then rejected   If the participant activated the Help button they were shown the message:     If you have lived there for less than one year select Less than a year. If you are unsure"
20441-0.0,0.011828907,0.005921014,0.001866667,0.006538862,20441,Online follow-up > Mental health > Depression,138,Prolonged loss of interest in normal activities,157336,157336,Accruing,Categorical single,,Data,Primary,Unisex,1,1,Question asked: \Have you ever had a time in your life lasting two weeks or more when you lost interest in most things like hobbies
20461-0.0,0.004773442,0.005658714,0.012244444,0.007558867,20461,Online follow-up > Mental health > Unusual and psychotic experiences,144,Age at first psychotic experience,7801,7801,Accruing,Integer,,Data,Primary,Unisex,1,1,Question asked: \How old were you (approximately) when you first had one of these experiences (seeing a vision
99999995-0.0,0.00798026,0.005250372,0.006155556,0.006462063,99999995,,,Mental distress,,,,,,,,,,,Mental distress
20488-0.0,0.006698552,0.00515368,0.0118,0.007884078,20488,Online follow-up > Mental health > Traumatic events,145,Physically abused by family as a child,157336,157336,Accruing,Categorical single,,Data,Primary,Unisex,1,1,"Question asked: \When I was growing up... People in my family hit me so hard that it left me with bruises or marks\"""""
3669-0.0,0.008039835,0.004769083,0.014444444,0.009084454,3669,UK Biobank Assessment Centre > Touchscreen > Lifestyle and environment > Sexual factors,100056,Number of same-sex sexual partners,16341,18564,Complete,Integer,,Data,Primary,Unisex,4,1,"ACE touchscreen question \How many sexual partners of the same sex have you had in your lifetime?\"" The following checks were performed:  If answer   If answer > 99997 then rejected  If answer > 99 then participant asked to confirm   If the participant activated the Help button they were shown the message:     Sexual intercourse includes vaginal"
20455-0.0,0.013645317,0.003869873,0.009555556,0.009023582,20455,Online follow-up > Mental health > Cannabis use,143,Age when last took cannabis,34880,34880,Accruing,Integer,,Data,Primary,Unisex,1,1,"Question asked: \About how old were you when you last had cannabis?\""  Question was asked unless the answer to ~F20453~ was No."""
20161-0.0,0.002873989,0.003794472,0.006355556,0.004341339,20161,UK Biobank Assessment Centre > Touchscreen > Lifestyle and environment > Smoking,100058,Pack years of smoking,152641,168670,Complete,Continuous,years,Data,Derived,Unisex,4,1,"Pack years calculated for individuals who have ever smoked according to data field Ever smoking status=1, using appropriate data: Current cigarette (either manufactured or hand rolled) smokers who smoke most days (smoking data fields used: ~F3436~ and ~F6183~). Past cigarette (either manufactured or hand rolled) smokers who smoked most days (smoking data fields used: ~F2867~, ~F2897~ and ~F2887~). Current cigar/pipe smokers who smoked most days and previously smoked cigarettes (smoking data fields used: ~F3436~, ~F6194~ and ~F6183~). The general definition of a pack year is the number of cigarettes smoked per day, divided by twenty, multiplied by the number of years of smoking. The number of years of smoking is calculated by substracting the age of starting smoking from the age smoking was stopped.   Number of cigarettes per day / 20 * (Age stopped smoking - Age start smoking)  The figure is adjusted for individuals who gave up smoking for more than 6 months, according to data fields 2907 or 3486 by subtracting six months from the number of years of smoking.  Number of cigarettes per day / 20 * (Age stopped smoking - Age start smoking - 0.5)  Note: Individuals who started and gave up smoking before 16 years of age were coded as NA. For individuals who started smoking before 16 but gave up after 16, their age start was set as 16. Individuals who reported starting and stopping smoking at the same age and reported giving up smoking for more than 6 months had pack-years set at 0.   This derived data field has come from Professor Martin Tobin at the University of Leicester."
1458-0.0,0.007755947,0.00282578,0.011466667,0.007349464,1458,UK Biobank Assessment Centre > Touchscreen > Lifestyle and environment > Diet,100052,Cereal intake,501504,573913,Complete,Integer,bowls/week,Data,Primary,Unisex,4,1,"ACE touchscreen question \How many bowls of cereal do you eat a WEEK?\"" The following checks were performed:  If answer   If answer > 99 then rejected  If answer > 14 then participant asked to confirm   If the participant activated the Help button they were shown the message:     Please provide an average considering your intake over the last year. If you are unsure"
20454-0.0,0.008807324,0.002738628,0.004822222,0.005456058,20454,Online follow-up > Mental health > Cannabis use,143,Maximum frequency of taking cannabis,34880,34880,Accruing,Categorical single,,Data,Primary,Unisex,1,1,Question asked: \Considering when you were taking cannabis most regularly
1883-0.0,0.005983851,0.002424527,0.009155556,0.005854645,1883,UK Biobank Assessment Centre > Touchscreen > Family history,100034,Number of full sisters,494274,565706,Complete,Integer,,Data,Primary,Unisex,4,1,ACE touchscreen question \How many sisters do you have? (Please include those who have died
680-0.0,0.004521085,0.002326608,0.008355556,0.00506775,680,UK Biobank Assessment Centre > Touchscreen > Sociodemographics > Household,100066,Own or rent accommodation lived in,500260,572580,Complete,Categorical single,,Data,Primary,Unisex,4,1,"ACE touchscreen question \Do you own or rent the accommodation that you live in?\"" If the participant activated the Help button they were shown the message:     Please select:  - Own outright if you or someone in your household owns the accommodation that you live in.  - Own with mortagage if you or someone in your household has a mortagage on the accommodation that you live in.      ~F680~ was collected from participants except those who indicated they were living in a sheltered accommodation or in a care home"
20493-0.0,0.006223403,0.002286085,0.004644444,0.004384644,20493,Online follow-up > Mental health > Mania,139,Severity of problems due to mania or irritability,42493,42493,Accruing,Categorical single,,Data,Primary,Unisex,1,1,"Question asked: \How much of a problem have these \""high\"" or \""irritable\"" periods caused you?\""  Question was asked when ~F20501~ was Yes or ~F20502~ was Yes."""
20465-0.0,0.001277056,0.002060358,0.007155556,0.003497657,20465,Online follow-up > Mental health > Unusual and psychotic experiences,144,Number of times heard an un-real voice,2776,2776,Accruing,Integer,,Data,Primary,Unisex,1,1,Question asked: \About how many times in your life did this happen (when you were not dreaming
1930-0.0,0.010109938,0.001977492,0.003711111,0.00526618,1930,UK Biobank Assessment Centre > Touchscreen > Psychosocial factors > Mental health,100060,Miserableness,501597,574023,Complete,Categorical single,,Data,Primary,Unisex,4,1,"ACE touchscreen question \Do you ever feel 'just miserable' for no reason?\"" If the participant activated the Help button they were shown the message:     Work through these questions quickly and do not think about the exact meaning of the question     """
20536-0.0,0.008254748,0.001942364,0.008422222,0.006206445,20536,Online follow-up > Mental health > Depression,138,Weight change during worst episode of depression,89028,89028,Accruing,Categorical single,,Data,Primary,Unisex,1,1,Question asked: \Did you gain or lose weight without trying
99999998-0.0,0.005025914,0.001763766,0.005333333,0.004041005,99999998,,,Depression symptom,,,,,,,,,,,Depression symptom
20406-0.0,0.002353144,0.00173751,0.005022222,0.003037626,20406,Online follow-up > Mental health > Addictions,141,Ever addicted to alcohol,9379,9379,Accruing,Categorical single,,Data,Primary,Unisex,1,1,"Question asked: \Have you been addicted to alcohol?\""  Question was asked when ~F20401~ was Yes."""
20501-0.0,0.001283641,0.001661761,0.005666667,0.00287069,20501,Online follow-up > Mental health > Mania,139,Ever had period of mania / excitability,157336,157336,Accruing,Categorical single,,Data,Primary,Unisex,1,1,Question asked: \Have you ever had a period of time when you were feeling so good
20492-0.0,0.006152212,0.001461324,0.002488889,0.003367475,20492,Online follow-up > Mental health > Mania,139,Longest period of mania or irritability,42493,42493,Accruing,Categorical single,,Data,Primary,Unisex,1,1,"Question asked: \What is the longest time that these \""high\"" or \""irritable\"" periods have lasted?\""  Question was asked when ~F20501~ was Yes or ~F20502~ was Yes."""
2188-0.0,0.003546486,0.001398742,0.006044444,0.003663224,2188,UK Biobank Assessment Centre > Touchscreen > Health and medical history > General health,100042,"Long-standing illness, disability or infirmity",501583,574009,Complete,Categorical single,,Data,Primary,Unisex,4,1,ACE touchscreen question \Do you have any long-standing illness
20522-0.0,0.003445851,0.001380713,0.005688889,0.003505151,20522,Online follow-up > Mental health > Traumatic events,145,Been in a confiding relationship as an adult,157336,157336,Accruing,Categorical single,,Data,Primary,Unisex,1,1,"Question asked: \Since I was sixteen... I have been in a confiding relationship\"""""
2159-0.0,0.002102148,0.001327107,0.003911111,0.002446789,2159,UK Biobank Assessment Centre > Touchscreen > Lifestyle and environment > Sexual factors,100056,Ever had same-sex intercourse,452367,516582,Complete,Categorical single,,Data,Primary,Unisex,4,1,"ACE touchscreen question \Have you ever had sexual intercourse with someone of the same sex?\"" If the participant activated the Help button they were shown the message:     Sexual intercourse includes vaginal"
2946-0.0,0.00106354,0.001298089,0.006066667,0.002809432,2946,UK Biobank Assessment Centre > Touchscreen > Family history,100034,Father's age,114715,124514,Complete,Integer,years,Data,Primary,Unisex,4,1,"ACE touchscreen question \What is his age now?\"" The following checks were performed:  If answer   If answer > 122 then rejected  If answer   If answer > 105 then participant asked to confirm   ~F2946~ was collected from participants who indicated their father is still alive"
46-0.0,0.001143168,0.001288141,0.0054,0.002610436,46,UK Biobank Assessment Centre > Physical measures > Hand grip strength,100019,Hand grip strength (left),499248,570035,Complete,Integer,Kg,Data,Primary,Unisex,4,1,Left grip strength
21000-0.0,0.004986983,0.00124449,0.004777778,0.00366975,21000,UK Biobank Assessment Centre > Touchscreen > Sociodemographics > Ethnicity,100065,Ethnic background,501592,533589,Complete,Categorical single,,Data,Derived,Unisex,3,1,This is an amalgam of sequential branching questions asked during the initial Assessment Centre visit as part of the touchscreen questionnaire.    The question was dropped from the touchscreen protocol on 24/10/2016.
20439-0.0,0.002487254,0.001222751,0.004688889,0.002799631,20439,Online follow-up > Mental health > Depression,138,Frequency of depressed days during worst episode of depression,89028,89028,Accruing,Categorical single,,Data,Primary,Unisex,1,1,"Question asked: \Did you feel this way\""  Question was asked when ~F20446~ was Yes or ~F20441~ was Yes."""
23111-0.0,0.001163293,0.001196643,0.005266667,0.002542201,23111,UK Biobank Assessment Centre > Physical measures > Anthropometry > Body composition by impedance,100009,Leg fat percentage (right),493039,562131,Complete,Continuous,percent,Data,Derived,Unisex,4,1,Body composition estimation by impedance measurement. Right leg fat percentages Range 1-75% in 0.1% increments.
21022-0.0,0.001465822,0.001132339,0.004911111,0.002503091,21022,Population characteristics > Baseline characteristics,100094,Age at recruitment,502484,502484,Complete,Integer,years,Data,Derived,Unisex,1,1,"This is a derived variable based on date of birth and date of attending an initial assessment centre and refers to the age of the participant on the day they attended an Initial Assessment Centre, truncated to whole year."
3526-0.0,0.001102267,0.001042362,0.004911111,0.002351913,3526,UK Biobank Assessment Centre > Touchscreen > Family history,100034,Mother's age at death,309882,351564,Complete,Integer,years,Data,Primary,Unisex,4,1,"ACE touchscreen question \What was her age when she died?\"" The following checks were performed:  If answer   If answer > 122 then rejected  If answer   If answer > 105 then participant asked to confirm   ~F3526~ was collected from participants who indicated their mother has died"
20414-0.0,0.002902776,0.001024529,0.004555556,0.00282762,20414,Online follow-up > Mental health > Alcohol use,142,Frequency of drinking alcohol,157336,157336,Accruing,Categorical single,,Data,Primary,Unisex,1,1,"Question asked: \How often do you have a drink containing alcohol?\"""""
20496-0.0,0.001666405,0.001000866,0.003222222,0.001963164,20496,Online follow-up > Mental health > Traumatic events,145,Felt distant from other people in past month,71184,71184,Accruing,Categorical single,,Data,Primary,Unisex,1,1,"Question asked: \Please indicate how much you have been bothered by that problem in the past month: Feeling distant or cut off from other people?\""  Question was asked when ~F20497~ or ~F20498~ or ~F20495~ was at least \""A little bit\""."""
20434-0.0,0.005698609,0.000994131,0.004844444,0.003845728,20434,Online follow-up > Mental health > Depression,138,Age at last episode of depression,89028,89028,Accruing,Integer,,Data,Primary,Unisex,1,1,"Question asked: \About how old were you the LAST time you had a period of two weeks like this? (Whether or not you received any help for it.)\""  Question was asked when ~F20446~ was Yes or ~F20441~ was Yes."""
20410-0.0,0.000823477,0.000993317,0.004244444,0.002020413,20410,Online follow-up > Mental health > Alcohol use,142,Age when known person last commented about drinking habits,7021,7021,Accruing,Integer,,Data,Primary,Unisex,1,1,"Question asked: \About how old were you when somebody last commented this way about your drinking habits?\""  Question was asked when ~F20405~ was Yes."""
20449-0.0,0.003655559,0.000991333,0.005155556,0.003267483,20449,Online follow-up > Mental health > Depression,138,Feelings of tiredness during worst episode of depression,89028,89028,Accruing,Categorical single,,Data,Primary,Unisex,1,1,"Question asked: \Did you feel more tired out or low on energy than is usual for you?\""  Question was asked when ~F20446~ was Yes or ~F20441~ was Yes."""
20440-0.0,0.001597048,0.000981538,0.004577778,0.002385455,20440,Online follow-up > Mental health > Depression,138,Impact on normal roles during worst period of depression,89028,89028,Accruing,Categorical single,,Data,Primary,Unisex,1,1,Question asked: \Think about your roles at the time of this episode
20403-0.0,0.00353079,0.00097019,0.004222222,0.002907734,20403,Online follow-up > Mental health > Alcohol use,142,Amount of alcohol drunk on a typical drinking day,143655,143655,Accruing,Categorical single,,Data,Primary,Unisex,1,1,Question asked: \In the next two questions
20453-0.0,0.004037987,0.000937309,0.002377778,0.002451025,20453,Online follow-up > Mental health > Cannabis use,143,Ever taken cannabis,157336,157336,Accruing,Categorical single,,Data,Primary,Unisex,1,1,Question asked: \Have you taken CANNABIS (marijuana
1299-0.0,0.003457729,0.000899417,0.004488889,0.002948678,1299,UK Biobank Assessment Centre > Touchscreen > Lifestyle and environment > Diet,100052,Salad / raw vegetable intake,501608,574034,Complete,Integer,tablespoons/day,Data,Primary,Unisex,4,1,ACE touchscreen question \On average how many heaped tablespoons of SALAD or RAW vegetables would you eat per DAY? (Include lettuce
20466-0.0,0.000547698,0.00089617,0.004044444,0.001829438,20466,Online follow-up > Mental health > Unusual and psychotic experiences,144,Ever prescribed a medication for unusual or psychotic experiences,7801,7801,Accruing,Categorical single,,Data,Primary,Unisex,1,1,Question asked: \Were you ever prescribed a medication by a health professional for any of these experiences (seeing a vision
757-0.0,0.001752446,0.000895132,0.004555556,0.002401045,757,UK Biobank Assessment Centre > Touchscreen > Sociodemographics > Employment,100064,Time employed in main current job,288417,315176,Complete,Integer,years,Data,Primary,Unisex,4,1,ACE touchscreen question \How many years have you worked in your current job? (If you have more than one job please answer this
20116-0.0,0.00162721,0.00087163,0.002355556,0.001618132,20116,UK Biobank Assessment Centre > Touchscreen > Lifestyle and environment > Smoking,100058,Smoking status,501610,574036,Complete,Categorical single,,Data,Derived,Unisex,4,1,This field summarises the current/past smoking status of the participant.
1488-0.0,0.002060994,0.00085652,0.004133333,0.002350282,1488,UK Biobank Assessment Centre > Touchscreen > Lifestyle and environment > Diet,100052,Tea intake,501604,574030,Complete,Integer,cups/day,Data,Primary,Unisex,4,1,"ACE touchscreen question \How many cups of tea do you drink each DAY? (Include black and green tea)\"" The following checks were performed:  If answer   If answer > 99 then rejected  If answer > 20 then participant asked to confirm   If the participant activated the Help button they were shown the message:     Please provide an average considering your intake over the last year. If you are unsure"
20160-0.0,0.001058534,0.000854892,0.002533333,0.001482253,20160,UK Biobank Assessment Centre > Touchscreen > Lifestyle and environment > Smoking,100058,Ever smoked,499726,571825,Complete,Categorical single,,Data,Derived,Unisex,4,1,"Derived using variables \Current tobacco smoking\"" (~F1239~) and \""Past tobacco smoking\"" (~F1249~).  Individual classed as Eversmoker if Current tobacco smoking= most days (1) or occasionally (2) OR Past tobacco smoking= most days (1) or occasionally (2) or tried once or twice (3).   Individual were classed as Neversmoker if Current tobacco smoking= no (0) AND Past tobacco smoking= never (4).   Individuals who answered to either question \""Do not know\"" (-1) \""Prefer not to answer\"" (-3) and \""None of the above\"" (-7) were not coded.   This derived data field has come from Professor Martin Tobin at the University of Leicester."""
20411-0.0,0.000998672,0.000821895,0.003311111,0.001710559,20411,Online follow-up > Mental health > Alcohol use,142,Ever been injured or injured someone else through drinking alcohol,157336,157336,Accruing,Categorical single,,Data,Primary,Unisex,1,1,"Question asked: \Have you or someone else been injured as a result of your drinking?\"""""
2110-0.0,0.00106791,0.000821307,0.004622222,0.00217048,2110,UK Biobank Assessment Centre > Touchscreen > Psychosocial factors > Social support,100061,Able to confide,501589,574015,Complete,Categorical single,,Data,Primary,Unisex,4,1,"ACE touchscreen question \How often are you able to confide in someone close to you?\"""""
2050-0.0,0.004287242,0.000812684,0.001466667,0.002188864,2050,UK Biobank Assessment Centre > Touchscreen > Psychosocial factors > Mental health,100060,Frequency of depressed mood in last 2 weeks,501594,574020,Complete,Categorical single,,Data,Primary,Unisex,4,1,ACE touchscreen question \Over the past two weeks
47-0.0,0.001524311,0.000807888,0.003711111,0.002014437,47,UK Biobank Assessment Centre > Physical measures > Hand grip strength,100019,Hand grip strength (right),499320,570120,Complete,Integer,Kg,Data,Primary,Unisex,4,1,Right grip strength
20546-0.0-3,0.001652241,0.000800761,0.002555556,0.001669519,20546,Online follow-up > Mental health > Depression,138,Drugs or alcohol  taken for depression,45709,54575,Accruing,Categorical multiple,,Data,Primary,Unisex,1,3,"Question asked: \Did you ever try the following for these problems? (tick all that apply)\""  Participant was offered a set of options which have been combined here into a single answer  Question was asked when ~F20446~ was Yes or ~F20441~ was Yes."""
4079-0.0,0.001176976,0.000776231,0.003555556,0.001836254,4079,UK Biobank Assessment Centre > Physical measures > Blood pressure,100011,"Diastolic blood pressure, automated reading",475172,1053731,Complete,Integer,mmHg,Data,Primary,Unisex,4,2,"Blood pressure, automated reading, diastolic. Two measures of blood pressure were taken a few moments apart.  Range returned by the Omron device is is 0-255"
2060-0.0,0.000956122,0.000757467,0.0008,0.000837863,2060,UK Biobank Assessment Centre > Touchscreen > Psychosocial factors > Mental health,100060,Frequency of unenthusiasm / disinterest in last 2 weeks,501593,574019,Complete,Categorical single,,Data,Primary,Unisex,4,1,ACE touchscreen question \Over the past two weeks
728-0.0,0.004632256,0.000753857,0.002666667,0.00268426,728,UK Biobank Assessment Centre > Touchscreen > Sociodemographics > Household,100066,Number of vehicles in household,500256,572576,Complete,Categorical single,,Data,Primary,Unisex,4,1,ACE touchscreen question \How many cars or vans are owned
2090-0.0,0.005907575,0.00073854,0.000511111,0.002385742,2090,UK Biobank Assessment Centre > Touchscreen > Psychosocial factors > Mental health,100060,"Seen doctor (GP) for nerves, anxiety, tension or depression",501590,574016,Complete,Categorical single,,Data,Primary,Unisex,4,1,ACE touchscreen question \Have you ever seen a general practitioner (GP) for nerves
20462-0.0,0.000810037,0.000734256,0.002266667,0.00127032,20462,Online follow-up > Mental health > Unusual and psychotic experiences,144,Distress caused by unusual or psychotic experiences,7801,7801,Accruing,Categorical single,,Data,Primary,Unisex,1,1,Question asked: \How distressing did you find having any of these experiences (seeing a vision
3456-0.0,0.000984357,0.000707368,0.002466667,0.001386131,3456,UK Biobank Assessment Centre > Touchscreen > Lifestyle and environment > Smoking,100058,Number of cigarettes currently smoked daily (current cigarette smokers),36730,38023,Complete,Integer,cigarettes/day,Data,Primary,Unisex,4,1,"ACE touchscreen question \About how many cigarettes do you smoke on average each day? \"" The following checks were performed:  If answer   If answer > 150 then rejected  If answer > 100 then participant asked to confirm   If the participant activated the Help button they were shown the message:     Count the total number of cigarettes (including both hand-rolled and manufactured cigarettes if both are smoked) For hand-rolled cigarettes:  - One ounce of tobacco makes about 30 cigarettes  - One gram of tobacco makes about 1 cigarette      ~F3456~ was collected from participants who indicated they currently smoke tobacco on most or all days"
1369-0.0,0.001648578,0.000677812,0.002844444,0.001723611,1369,UK Biobank Assessment Centre > Touchscreen > Lifestyle and environment > Diet,100052,Beef intake,501606,574032,Complete,Categorical single,,Data,Primary,Unisex,4,1,"ACE touchscreen question \How often do you eat beef? (Do not count processed meats)\"" If the participant activated the Help button they were shown the message:     Please provide an average considering your intake over the last year If you are unsure"
1835-0.0,0.000542486,0.000659481,0.0034,0.001533989,1835,UK Biobank Assessment Centre > Touchscreen > Family history,100034,Mother still alive,494277,565709,Complete,Categorical single,,Data,Primary,Unisex,4,1,"ACE touchscreen question \Is your mother still alive?\"" ~F1835~ was collected from all participants except those who indicated they were adopted as a child"
1807-0.0,0.000928158,0.000657643,0.002933333,0.001506378,1807,UK Biobank Assessment Centre > Touchscreen > Family history,100034,Father's age at death,386089,439865,Complete,Integer,years,Data,Primary,Unisex,4,1,"ACE touchscreen question \What was his age when he died?\"" The following checks were performed:  If answer   If answer > 122 then rejected  If answer   If answer > 105 then participant asked to confirm   ~F1807~ was collected from participants who indicated their father has died"
20524-0.0,0.000553778,0.000647054,0.0032,0.001466944,20524,Online follow-up > Mental health > Traumatic events,145,Sexual interference by partner or ex-partner without consent as an adult,157336,157336,Accruing,Categorical single,,Data,Primary,Unisex,1,1,Question asked: \Since I was sixteen... A partner or ex-partner sexually interfered with me
23115-0.0,0.001564077,0.000640337,0.002644444,0.001616286,23115,UK Biobank Assessment Centre > Physical measures > Anthropometry > Body composition by impedance,100009,Leg fat percentage (left),493012,562099,Complete,Continuous,percent,Data,Derived,Unisex,4,1,Body composition estimation by impedance measurement. Left leg fat percentage Range 1-75% in 0.1% increments.
20456-0.0,0.000845478,0.000632157,0.001644444,0.001040693,20456,Online follow-up > Mental health > Addictions,141,Ever addicted to illicit or recreational drugs,9379,9379,Accruing,Categorical single,,Data,Primary,Unisex,1,1,"Question asked: \Have you been addicted to Illicit or recreational drugs?\""  Question was asked when ~F20401~ was Yes."""
2966-0.0,0.000373459,0.000622913,0.003422222,0.001472865,2966,UK Biobank Assessment Centre > Touchscreen > Health and medical history > Medical conditions,100044,Age high blood pressure diagnosed,140640,154142,Complete,Integer,years,Data,Primary,Unisex,4,1,"ACE touchscreen question \What was your age when the high blood pressure was first diagnosed?\"" The following checks were performed:  If answer   If answer > Participants age then rejected  If answer   If answer > 69 then participant asked to confirm   If the participant activated the Help button they were shown the message:     If you are unsure"
20526-0.0,0.000588063,0.000616418,0.002177778,0.001127419,20526,Online follow-up > Mental health > Traumatic events,145,Been in serious accident believed to be life-threatening,157336,157336,Accruing,Categorical single,,Data,Primary,Unisex,1,1,Question asked: \In your life
1329-0.0,0.001432604,0.000614434,0.002733333,0.001593457,1329,UK Biobank Assessment Centre > Touchscreen > Lifestyle and environment > Diet,100052,Oily fish intake,501607,574033,Complete,Categorical single,,Data,Primary,Unisex,4,1,ACE touchscreen question \How often do you eat oily fish? (e.g. sardines
4288-0.0,0.00850051,0.0005949,0.003155556,0.004083655,4288,UK Biobank Assessment Centre > Cognitive function > Prospective memory,100031,Time to answer,211952,241166,Complete,Integer,seconds,Data,Primary,Unisex,4,1,"This is the time between completing the initial prompt and displaying answer. Between the initial prompt and the final challenge, various other tests were done so the time here depends strongly on how long the participants took to do these intervening tests and the number/complexity of them. The number of intervening tests has varied throughout the study, generally being larger at the imaging centres than in the original assessment centres, and hence there is systematic bias across time."
20544-0.0-4,0.00027386,0.000560661,0.002955556,0.001263359,20544,Online follow-up > Mental health > Mental distress,137,Depression diagnosed by professional,50088,74866,Accruing,Categorical multiple,,Data,Primary,Unisex,1,16,Question asked: \Have you been diagnosed with one or more of the following mental health problems by a professional
20127-0.0,0.000984936,0.00055984,0.001733333,0.001092703,20127,UK Biobank Assessment Centre > Touchscreen > Psychosocial factors > Mental health,100060,Neuroticism score,401560,401560,Complete,Integer,,Data,Derived,Unisex,1,1,"This is an externally derived summary score of neuroticism, based on 12 neurotic behaviour domains as reported from fields 1920, 1930, 1940, 1950, 1960, 1970, 1980, 1990, 2000, 2010, 2020 and 2030 from the touchscreen questionnaire at baseline. Participants were assessed for twelve domains of neurotic behaviours via the touchscreen questionnaire. Questions included:    Does your mood often go up and down?   Do you ever feel 'just miserable' for no reason?   Are you an irritable person?   Are your feelings easily hurt?   Do you often feel 'fed-up'?   Would you call yourself a nervous person?   Are you a worrier?   Would you call yourself tense or 'highly strung'?   Do you worry too long after an embarrassing experience?   Do you suffer from 'nerves'?   Do you often feel lonely?   Are you often troubled by feelings of guilt?   Participants could answer Yes, No, Do not know or Prefer not to answer.   This field summarises the number of Yes answers across these twelve questions into a single integer score for each participant.   This derived data field has come from Professor Jill Pell from the Institute of Health &amp; Wellbeing, University of Glasgow. Methods on how these fields were derived can be found in the Additional Resources tab."
670-0.0,0.007327373,0.000552158,0.001755556,0.003211696,670,UK Biobank Assessment Centre > Touchscreen > Sociodemographics > Household,100066,Type of accommodation lived in,501638,574064,Complete,Categorical single,,Data,Primary,Unisex,4,1,"ACE touchscreen question \What type of accommodation do you live in?\"" If the participant activated the Help button they were shown the message:     Please select:  A house or bungalow for any whole"
4581-0.0,0.005444126,0.000543752,0.002155556,0.002714478,4581,UK Biobank Assessment Centre > Touchscreen > Psychosocial factors > Mental health,100060,Financial situation satisfaction,214359,245135,Complete,Categorical single,,Data,Primary,Unisex,4,1,"ACE touchscreen question \In general how satisfied are you with your FINANCIAL SITUATION?\""  Question was introduced part way through fieldwork in April 2009."""
709-0.0,0.001111651,0.000543645,0.002844444,0.001499914,709,UK Biobank Assessment Centre > Touchscreen > Sociodemographics > Household,100066,Number in household,500256,572576,Complete,Integer,people,Data,Primary,Unisex,4,1,ACE touchscreen question \Including yourself
767-0.0,0.00032025,0.000541989,0.002177778,0.001013339,767,UK Biobank Assessment Centre > Touchscreen > Sociodemographics > Employment,100064,Length of working week for main job,288418,315178,Complete,Integer,hours,Data,Primary,Unisex,4,1,ACE touchscreen question \In a typical WEEK
22040-0.0,0.000741542,0.000535596,0.002844444,0.001373861,22040,UK Biobank Assessment Centre > Touchscreen > Lifestyle and environment > Physical activity > MET Scores,54,Summed MET minutes per week for all activity,402364,402364,Complete,Continuous,minutes/week,Data,Derived,Unisex,1,1,"Total Metabolic Equivalent Task (MET) minutes per week for all activity including walking, moderate and vigorous activity."
20519-0.0,0.001884325,0.000514797,0.001488889,0.001296004,20519,Online follow-up > Mental health > Depression,138,Recent feelings of tiredness or low energy,157336,157336,Accruing,Categorical single,,Data,Primary,Unisex,1,1,Question asked: \Over the last 2 weeks
20416-0.0,0.000815945,0.000477319,0.002022222,0.001105162,20416,Online follow-up > Mental health > Alcohol use,142,Frequency of consuming six or more units of alcohol,143655,143655,Accruing,Categorical single,,Data,Primary,Unisex,1,1,Question asked: \In the next two questions
23124-0.0,0.00180231,0.000476122,0.002066667,0.001448366,23124,UK Biobank Assessment Centre > Physical measures > Anthropometry > Body composition by impedance,100009,Arm fat mass (left),492880,561944,Complete,Continuous,Kg,Data,Derived,Unisex,4,1,"Body composition estimation by impedance measurement. Left arm fat mass. Left arm fat mass in Kg, 0.1 increments."
20022-0.0,0.000181225,0.000469962,0.002333333,0.00099484,20022,UK Biobank Assessment Centre > Verbal interview > Early life factors,100072,Birth weight,280247,293426,Complete,Continuous,Kg,Data,Derived,Unisex,3,1,"Participants were asked to enter their own birth-weight.  The weight could be entered either in Kg or in Imperial pounds+ounces. Values entered as Imperial units are held in ~F121~ and ~F122~, and their values have been converted into Kg and incorporated into this field.   This question was dropped from the touchscreen protocol on 24/10/2016."
23104-0.0,0.00037065,0.000461193,0.002244444,0.001025429,23104,UK Biobank Assessment Centre > Physical measures > Anthropometry > Body composition by impedance,100009,Body mass index (BMI),493067,562162,Complete,Continuous,Kg/m2,Data,Derived,Unisex,4,1,Body composition estimation by impedance measurement. Body Mass Index. Increments of 0.1 .
23112-0.0,0.000609674,0.000456699,0.002044444,0.001036939,23112,UK Biobank Assessment Centre > Physical measures > Anthropometry > Body composition by impedance,100009,Leg fat mass (right),493031,562122,Complete,Continuous,Kg,Data,Derived,Unisex,4,1,"Body composition estimation by impedance measurement. Right leg fat mass Right leg fat mass in Kg, 0.1 increments."
23100-0.0,0.001085348,0.000445853,0.001933333,0.001154845,23100,UK Biobank Assessment Centre > Physical measures > Anthropometry > Body composition by impedance,100009,Whole body fat mass,492290,561259,Complete,Continuous,Kg,Data,Derived,Unisex,4,1,"Body composition estimation by impedance measurement. Fat mass Total fat mass in Kg, in 0.1Kg increments."
20477-0.0,0.000347384,0.000420518,0.001155556,0.000641152,20477,Online follow-up > Mental health > Unusual and psychotic experiences,144,Ever talked to a health professional about unusual or psychotic experiences,7801,7801,Accruing,Categorical single,,Data,Primary,Unisex,1,1,Question asked: \Did you ever talk to a doctor
94-0.0,5.93E-05,0.000412551,0.001777778,0.000749881,94,UK Biobank Assessment Centre > Physical measures > Blood pressure,100011,"Diastolic blood pressure, manual reading",48862,81101,Complete,Integer,mmHg,Data,Primary,Unisex,4,2,"Blood pressure, manual reading, diastolic. Two measures of blood pressure were taken a few moments apart. A manual sphygmometer was used if the standard automated device could not be employed."
845-0.0,0.002722084,0.000405875,0.002022222,0.001716727,845,UK Biobank Assessment Centre > Touchscreen > Sociodemographics > Education,100063,Age completed full time education,337400,354344,Complete,Integer,years,Data,Primary,Unisex,3,1,"ACE touchscreen question \At what age did you complete your continuous full time education?\"" The following checks were performed:  If answer   If answer > Participants age then rejected  If answer > 40 then participant asked to confirm   If the participant activated the Help button they were shown the message:     Please give the age that you completed 'continuous' full time education. For example"
4620-0.0,0.003275415,0.000395956,0.001844444,0.001838605,4620,UK Biobank Assessment Centre > Touchscreen > Psychosocial factors > Mental health,100060,Number of depression episodes,112994,125492,Complete,Integer,periods,Data,Primary,Unisex,4,1,"ACE touchscreen question \How many periods have you had when you were feeling depressed or down for at least a whole week?\""  Question was introduced part way through fieldwork in April 2009.  The following checks were performed:    If answer    If answer > 9999 then rejected     ~F4620~ was collected from participants who indicated they have felt depressed or down for at least a whole week"
23128-0.0,0.000856375,0.000393239,0.002066667,0.001105427,23128,UK Biobank Assessment Centre > Physical measures > Anthropometry > Body composition by impedance,100009,Trunk fat mass,492797,561841,Complete,Continuous,Kg,Data,Derived,Unisex,4,1,"Body composition estimation by impedance measurement. Trunk fat mass Trunk fat mass in Kg, 0.1 increments."
1239-0.0,0.000588152,0.000391862,0.001444444,0.000808153,1239,UK Biobank Assessment Centre > Touchscreen > Lifestyle and environment > Smoking,100058,Current tobacco smoking,501610,574036,Complete,Categorical single,,Data,Primary,Unisex,4,1,"ACE touchscreen question \Do you smoke tobacco now?\"""""
23116-0.0,0.000387777,0.00038924,0.001777778,0.000851598,23116,UK Biobank Assessment Centre > Physical measures > Anthropometry > Body composition by impedance,100009,Leg fat mass (left),493007,562094,Complete,Continuous,Kg,Data,Derived,Unisex,4,1,"Body composition estimation by impedance measurement. Left leg fat mass Left leg free mass in Kg, 0.1 increments."
1797-0.0,0.00035783,0.000388144,0.001711111,0.000819028,1797,UK Biobank Assessment Centre > Touchscreen > Family history,100034,Father still alive,494277,565709,Complete,Categorical single,,Data,Primary,Unisex,4,1,"ACE touchscreen question \Is your father still alive?\"" ~F1797~ was collected from all participants except those who indicated they were adopted as a child"
1279-0.0,0.000419151,0.000386601,0.001311111,0.000705621,1279,UK Biobank Assessment Centre > Touchscreen > Lifestyle and environment > Smoking,100058,Exposure to tobacco smoke outside home,464097,533494,Complete,Integer,hours/week,Data,Primary,Unisex,4,1,ACE touchscreen question \Outside of your home
23113-0.0,0.000350182,0.000377629,0.001955556,0.000894456,23113,UK Biobank Assessment Centre > Physical measures > Anthropometry > Body composition by impedance,100009,Leg fat-free mass (right),493022,562110,Complete,Continuous,Kg,Data,Derived,Unisex,4,1,"Body composition estimation by impedance measurement. Right leg fat free mass. Right leg fat free mass in Kg, 0.1 increments."
20504-0.0,0.000364108,0.000373793,0.002022222,0.000920041,20504,Online follow-up > Mental health > Addictions,141,Ongoing addiction or dependence to over-the-counter medication,1317,1317,Accruing,Categorical single,,Data,Primary,Unisex,1,1,"Question asked: \Is this addiction or dependence ongoing?\""  Question was asked when ~F20503~ was Yes."""
20548-0.0-8,0.000757465,0.000371972,0.0008,0.000643146,20548,Online follow-up > Mental health > Mania,139,Manifestations of mania or irritability,29048,74851,Accruing,Categorical multiple,,Data,Primary,Unisex,1,8,"Question asked: \Please try to remember a period when you were in a \""high\"" or \""irritable\"" state and select all of the following that apply:\""  Participant was offered a set of options which have been combined here into a single answer  Question was asked when ~F20501~ was Yes or ~F20502~ was Yes."""
20463-0.0,0.000310568,0.000366632,0.001266667,0.000647955,20463,Online follow-up > Mental health > Unusual and psychotic experiences,144,Ever heard an un-real voice,157336,157336,Accruing,Categorical single,,Data,Primary,Unisex,1,1,Question asked: \Did you ever hear things that other people said did not exist
400-0.1,0.000204173,0.000365535,0.001955556,0.000841754,400,UK Biobank Assessment Centre > Cognitive function > Pairs matching,100030,Time to complete round,498734,1168787,Complete,Integer,deciseconds,Data,Primary,Unisex,4,3,
20539-0.0,0.000176243,0.000360067,0.001866667,0.000800992,20539,Online follow-up > Mental health > Anxiety,140,Frequency of inability to stop worrying during worst period of anxiety,48768,48768,Accruing,Categorical single,,Data,Primary,Unisex,1,1,Question asked: \Please think of the period in your life when you have felt worried
1339-0.0,0.000817763,0.000355636,0.001577778,0.000917059,1339,UK Biobank Assessment Centre > Touchscreen > Lifestyle and environment > Diet,100052,Non-oily fish intake,501607,574033,Complete,Categorical single,,Data,Primary,Unisex,4,1,ACE touchscreen question \How often do you eat other types of fish? (e.g. cod
6350-2.0,0.003661167,0.000346489,0.001733333,0.001913663,6350,UK Biobank Assessment Centre > Cognitive function > Trail making,505,Duration to complete alphanumeric path (trail #2),33992,36778,Accruing,Integer,deciseconds,Data,Primary,Unisex,2,1,Duration to complete alphanumeric path (trail #2)
20023-0.0,0.000139103,0.000343989,0.001711111,0.000731401,20023,UK Biobank Assessment Centre > Cognitive function > Reaction time,100032,Mean time to correctly identify matches,496833,565834,Complete,Integer,milliseconds,Data,Derived,Unisex,4,1,"This field is the mean duration to first press of snap-button summed over rounds in which both cards matched. It gives a crude measure of the raw processing+reaction speed of a participant.   The following data points were excluded when forming the average:   Rounds 0-4 were regarded as \training\"";   Times under 50ms must be due to anticipation rather than reaction;   Times over 2000ms were ignored as the cards had disappeared by then.     Values were rounded to the nearest whole number."""
3436-0.0,0.000381233,0.00033934,0.001088889,0.000603154,3436,UK Biobank Assessment Centre > Touchscreen > Lifestyle and environment > Smoking,100058,Age started smoking in current smokers,39520,40942,Complete,Integer,years,Data,Primary,Unisex,4,1,"ACE touchscreen question \How old were you when you first started smoking on most days?\""  The following checks were performed:    If answer    If answer > Participants age then rejected   If answer      ~F3436~ was collected from participants who indicated they currently smoke tobacco on most or all days"
5386-0.0,0.001572449,0.000334825,0.001177778,0.001028351,5386,UK Biobank Assessment Centre > Touchscreen > Psychosocial factors > Mental health,100060,Number of unenthusiastic/disinterested episodes,75961,82741,Complete,Integer,periods,Data,Primary,Unisex,4,1,"ACE touchscreen question \How many periods have you had when you were uninterested in things or unable to enjoy the things you used to for at least a whole week?\""  Question was introduced part way through fieldwork in April 2009.  The following checks were performed:    If answer    If answer > 999 then rejected     ~F5386~ was collected from participants who indicated they have been uninterested in things or unable to enjoy things they used to for at least a week"
874-0.0,0.000360238,0.000332959,0.001822222,0.000838473,874,UK Biobank Assessment Centre > Touchscreen > Lifestyle and environment > Physical activity,100054,Duration of walks,480085,548823,Complete,Integer,minutes/day,Data,Primary,Unisex,4,1,"ACE touchscreen question \How many minutes did you usually spend walking on a typical DAY?\"" The following checks were performed:  If answer   If answer > 1440 then rejected  If answer   If answer > 300 then participant asked to confirm   If the participant activated the Help button they were shown the message:     Count the number of minutes that you usually spend walking in one day. If the time you usually spend walking on each day of the week varies a lot"
1180-0.0,0.000401062,0.000329522,0.001266667,0.00066575,1180,UK Biobank Assessment Centre > Touchscreen > Lifestyle and environment > Sleep,100057,Morning/evening person (chronotype),498729,570268,Complete,Categorical single,,Data,Primary,Unisex,4,1,"ACE touchscreen question \Do you consider yourself to be?\"" If the participant activated the Help button they were shown the message:     If this varies a lot"
1289-0.0,0.000510791,0.000324955,0.001733333,0.00085636,1289,UK Biobank Assessment Centre > Touchscreen > Lifestyle and environment > Diet,100052,Cooked vegetable intake,501608,574034,Complete,Integer,tablespoons/day,Data,Primary,Unisex,4,1,"ACE touchscreen question \On average how many heaped tablespoons of COOKED vegetables would you eat per DAY? (Do not include potatoes; put '0' if you do not eat any)\"" The following checks were performed:  If answer > 50 then rejected   If the participant activated the Help button they were shown the message:     Please provide an average considering your intake over the last year. If you are unsure"
99999997-0.0,0.002520741,0.000324451,0.001222222,0.001355805,99999997,,,Happiness and subjective well-being,,,,,,,,,,,Happiness and subjective well-being
2040-0.0,0.000472186,0.000319285,0.001311111,0.000700861,2040,UK Biobank Assessment Centre > Touchscreen > Psychosocial factors > Mental health,100060,Risk taking,501594,574020,Complete,Categorical single,,Data,Primary,Unisex,4,1,"ACE touchscreen question \Would you describe yourself as someone who takes risks?\"" If the participant activated the Help button they were shown the message:     Work through these questions quickly and do not think about the exact meaning of the question     """
23107-0.0,0.00066975,0.000305744,0.001622222,0.000865905,23107,UK Biobank Assessment Centre > Physical measures > Anthropometry > Body composition by impedance,100009,Impedance of leg (right),493046,562140,Complete,Continuous,ohms,Data,Derived,Unisex,4,1,"Body composition estimation by impedance measurement. Impedance of right leg, oh Measured impedance of right leg. Range 150 - 1200 (ohms) in 1 (ohms) increments."
1873-0.0,0.000172405,0.000300983,0.001244444,0.000572611,1873,UK Biobank Assessment Centre > Touchscreen > Family history,100034,Number of full brothers,494274,565706,Complete,Integer,,Data,Primary,Unisex,4,1,ACE touchscreen question \How many brothers do you have? (Please include those who have died
99999996-0.0,0.000860062,0.00029026,0.001244444,0.000798255,99999996,,,Mania,,,,,,,,,,,Mania
1200-0.0,0.000751593,0.000283774,0.001244444,0.000759937,1200,UK Biobank Assessment Centre > Touchscreen > Lifestyle and environment > Sleep,100057,Sleeplessness / insomnia,501610,574036,Complete,Categorical single,,Data,Primary,Unisex,4,1,"ACE touchscreen question \Do you have trouble falling asleep at night or do you wake up in the middle of the night?\"" If the participant activated the Help button they were shown the message:     If this varies a lot"
23101-0.0,0.000593107,0.00027297,0.001,0.000622026,23101,UK Biobank Assessment Centre > Physical measures > Anthropometry > Body composition by impedance,100009,Whole body fat-free mass,493026,562119,Complete,Continuous,Kg,Data,Derived,Unisex,4,1,Body composition estimation by impedance measurement. Fat free mass Fat free mass in Kg. Increment in 0.1 Kg
21021-0.0,0.002325549,0.000268684,0.001577778,0.00139067,21021,UK Biobank Assessment Centre > Physical measures > Arterial stiffness,100007,Pulse wave Arterial Stiffness index,206852,234011,Complete,Continuous,,Data,Derived,Unisex,4,1,The time between peaks of the waveform (the peak-to-peak time) is divided into the persons height to obtain the Stiffness Index.  This value was calculated outside the Assessment Centre visit as the participant height was not known until after the stiffness device had been used.
23118-0.0,0.000399002,0.000267653,0.001288889,0.000651848,23118,UK Biobank Assessment Centre > Physical measures > Anthropometry > Body composition by impedance,100009,Leg predicted mass (left),492988,562069,Complete,Continuous,Kg,Data,Derived,Unisex,4,1,"Body composition estimation by impedance measurement. Left leg predicted mass. in Kg, 0.1 increments."
2080-0.0,0.000648772,0.00026472,0.000444444,0.000452646,2080,UK Biobank Assessment Centre > Touchscreen > Psychosocial factors > Mental health,100060,Frequency of tiredness / lethargy in last 2 weeks,501591,574017,Complete,Categorical single,,Data,Primary,Unisex,4,1,ACE touchscreen question \Over the past two weeks
20467-0.0,0.00044977,0.00026359,0.000777778,0.000497046,20467,Online follow-up > Mental health > Unusual and psychotic experiences,144,Frequency of unusual or psychotic experiences in past year,7801,7801,Accruing,Categorical single,,Data,Primary,Unisex,1,1,Question asked: \How often did any of these experiences happen in the past 1 year (seeing a vision
2473-0.0,0.000400045,0.000260522,0.001488889,0.000716485,2473,UK Biobank Assessment Centre > Touchscreen > Health and medical history > Medical conditions,100044,Other serious medical condition/disability diagnosed by doctor,501570,573996,Complete,Categorical single,,Data,Primary,Unisex,4,1,"ACE touchscreen question \Has a doctor ever told you that you have had any other serious medical conditions or disabilities?\"" If the participant activated the Help button they were shown the message:     If you are not sure if you have a serious illness or you are not sure that you have had one of the conditions listed previously"
23117-0.0,0.000334849,0.00025726,0.0012,0.000597369,23117,UK Biobank Assessment Centre > Physical measures > Anthropometry > Body composition by impedance,100009,Leg fat-free mass (left),492994,562075,Complete,Continuous,Kg,Data,Derived,Unisex,4,1,"Body composition estimation by impedance measurement. Left leg fat free mass. Left leg fat free mass in Kg, 0.1 increments."
1438-0.0,4.86E-05,0.000247078,0.001022222,0.000439296,1438,UK Biobank Assessment Centre > Touchscreen > Lifestyle and environment > Diet,100052,Bread intake,498721,570260,Complete,Integer,slices/week,Data,Primary,Unisex,4,1,"ACE touchscreen question \How many slices of bread do you eat each WEEK?\"" The following checks were performed:  If answer   If answer > 250 then rejected  If answer > 50 then participant asked to confirm   If the participant activated the Help button they were shown the message:     For other types of bread:  - one bread roll = 2 slices  - one pitta bread = 2 slices      """
23108-0.0,0.000390838,0.000240812,0.001333333,0.000654995,23108,UK Biobank Assessment Centre > Physical measures > Anthropometry > Body composition by impedance,100009,Impedance of leg (left),493042,562134,Complete,Continuous,ohms,Data,Derived,Unisex,4,1,"Body composition estimation by impedance measurement. Impedance of left leg, ohm Measured impedance of left leg. Range 150 - 1200 (ohms) in 1 (ohms) increments."
20408-0.0,0.000306415,0.00023528,0.0006,0.000380565,20408,Online follow-up > Mental health > Alcohol use,142,Frequency of memory loss due to drinking alcohol in last year,85195,85195,Accruing,Categorical single,,Data,Primary,Unisex,1,1,"Question asked: \How often during the last year have you been unable to remember what happened the night before because you had been drinking?\""  Question was asked when the sum of the answer to ~F20403~ plus the answer to ~F20416~ was 3 or above. Participants responding \""prefer not to answer\"" to one of these trigger questions were scored as 1 for that question."""
1050-0.0,0.00014469,0.000234748,0.001155556,0.000511665,1050,UK Biobank Assessment Centre > Touchscreen > Lifestyle and environment > Sun exposure,100055,Time spend outdoors in summer,498736,570275,Complete,Integer,hours/day,Data,Primary,Unisex,4,1,ACE touchscreen question \In a typical DAY in summer
3486-0.0,0.000223119,0.000219444,0.000777778,0.00040678,3486,UK Biobank Assessment Centre > Touchscreen > Lifestyle and environment > Smoking,100058,Ever tried to stop smoking,39520,40942,Complete,Categorical single,,Data,Primary,Unisex,4,1,"ACE touchscreen question \Have you tried to give up smoking?\"" ~F3486~ was collected from participants who indicated they currently smoke tobacco on most or all days"
20503-0.0,0.000417079,0.000216195,0.000888889,0.000507388,20503,Online follow-up > Mental health > Addictions,141,Ever addicted to prescription or over-the-counter medication,9379,9379,Accruing,Categorical single,,Data,Primary,Unisex,1,1,"Question asked: \Have you been addicted to or dependent on prescription or over-the-counter medication?\""  Question was asked when ~F20401~ was Yes."""
99999991-0.0,0.000310009,0.000216052,0.000822222,0.000449428,99999991,,,Unusual and psychotic experiences,,,,,,,,,,,Unusual and psychotic experiences
1950-0.0,0.000629108,0.000215777,0.001022222,0.000622369,1950,UK Biobank Assessment Centre > Touchscreen > Psychosocial factors > Mental health,100060,Sensitivity / hurt feelings,501596,574022,Complete,Categorical single,,Data,Primary,Unisex,4,1,"ACE touchscreen question \Are your feelings easily hurt?\"" If the participant activated the Help button they were shown the message:     Work through these questions quickly and do not think about the exact meaning of the question     """
20490-0.0,0.000567857,0.000215459,0.000666667,0.000483328,20490,Online follow-up > Mental health > Traumatic events,145,Sexually molested as a child,157336,157336,Accruing,Categorical single,,Data,Primary,Unisex,1,1,"Question asked: \When I was growing up... Someone molested me (sexually)\"""""
3476-0.0,0.000267839,0.000212129,0.000533333,0.000337767,3476,UK Biobank Assessment Centre > Touchscreen > Lifestyle and environment > Smoking,100058,Difficulty not smoking for 1 day,36386,37657,Complete,Categorical single,,Data,Primary,Unisex,4,1,"ACE touchscreen question \How easy or difficult would you find it to go without smoking for a whole day?\"" ~F3476~ was collected from participants who indicated they currently smoke tobacco on most or all days"
1558-0.0,0.00043561,0.000211686,0.001088889,0.000578728,1558,UK Biobank Assessment Centre > Touchscreen > Lifestyle and environment > Alcohol,100051,Alcohol intake frequency.,501604,574030,Complete,Categorical single,,Data,Primary,Unisex,4,1,"ACE touchscreen question \About how often do you drink alcohol?\"" If the participant activated the Help button they were shown the message:     If this varies a lot"
20442-0.0,0.000908248,0.000210273,0.000933333,0.000683952,20442,Online follow-up > Mental health > Depression,138,Lifetime number of depressed periods,89028,89028,Accruing,Integer,,Data,Primary,Unisex,1,1,"Question asked: \How many periods did you have in your life lasting two or more weeks where you felt like this?\""  Question was asked when ~F20446~ was Yes or ~F20441~ was Yes."""
4196-0.0,0.000901629,0.00020846,0.001111111,0.0007404,4196,UK Biobank Assessment Centre > Physical measures > Arterial stiffness,100007,Pulse wave peak to peak time,207846,235220,Complete,Integer,milliseconds,Data,Primary,Unisex,4,1,peak to peak time in milliseconds A digital volume pulse can be considered to be the summation of a direct and a reflected component. The direct component is due to transmission of a pressure wave from the left ventricle to the finger via the most direct route. The reflected component is formed by pressure transmitted from the heart to the lower body where it is reflected back up the aorta and thence to the finger. peak to peak time is the difference between the peak values of direct and reflected components.
404-0.0,0.00023493,0.000206315,0.001044444,0.00049523,404,UK Biobank Assessment Centre > Cognitive function > Reaction time,100032,Duration to first press of snap-button in each round,494240,3406501,Complete,Integer,milliseconds,Data,Primary,Unisex,4,12,"This gives the interval between the cards being displayed and the participant pressing the snap-button to indicate a match. Note that the time is recorded regardless of whether the cards shown formed a matching pair. ~F401~ and ~F402~ need to be compared to determine if the cards were the same.  Each pair was displayed for 2 seconds, followed by a 1 second gap. If the button-press occurred during a gap then it was recorded against the previous pair, giving a value in the range 2001-2999ms."
23102-0.0,0.000389568,0.000203359,0.000977778,0.000523568,23102,UK Biobank Assessment Centre > Physical measures > Anthropometry > Body composition by impedance,100009,Whole body water mass,493070,562165,Complete,Continuous,Kg,Data,Derived,Unisex,4,1,Body composition estimation by impedance measurement. Body water mass Units in Kg. Increments in 0.1 Kg.
20404-0.0,9.50E-05,0.000202851,0.000777778,0.00035856,20404,Online follow-up > Mental health > Addictions,141,Ever physically dependent on alcohol,3590,3590,Accruing,Categorical single,,Data,Primary,Unisex,1,1,"Question asked: \Have you been physically dependent on alcohol?\""  Question was asked when ~F20406~ was Yes."""
23119-0.0,0.000416649,0.000198168,0.000888889,0.000501235,23119,UK Biobank Assessment Centre > Physical measures > Anthropometry > Body composition by impedance,100009,Arm fat percentage (right),492978,562057,Complete,Continuous,percent,Data,Derived,Unisex,4,1,Body composition estimation by impedance measurement. Right arm fat percentage Range 1-75% in 0.1% increments.
1845-0.0,0.000544629,0.000197844,0.000955556,0.00056601,1845,UK Biobank Assessment Centre > Touchscreen > Family history,100034,Mother's age,199413,218330,Complete,Integer,years,Data,Primary,Unisex,4,1,"ACE touchscreen question \What is her age now?\"" The following checks were performed:  If answer   If answer > 122 then rejected  If answer   If answer > 105 then participant asked to confirm   ~F1845~ was collected from participants who indicated their mother is still alive"
20419-0.0,0.000111343,0.000193875,0.0008,0.000368406,20419,Online follow-up > Mental health > Anxiety,140,Difficulty concentrating during worst period of anxiety,48768,48768,Accruing,Categorical single,,Data,Primary,Unisex,1,1,Question asked: \When you were worried or anxious
1309-0.0,0.000299317,0.000193631,0.000866667,0.000453205,1309,UK Biobank Assessment Centre > Touchscreen > Lifestyle and environment > Diet,100052,Fresh fruit intake,501608,574034,Complete,Integer,pieces/day,Data,Primary,Unisex,4,1,ACE touchscreen question \About how many pieces of FRESH fruit would you eat per DAY? (Count one apple
23109-0.0,0.000361416,0.000187103,0.000933333,0.000493951,23109,UK Biobank Assessment Centre > Physical measures > Anthropometry > Body composition by impedance,100009,Impedance of arm (right),493013,562102,Complete,Continuous,ohms,Data,Derived,Unisex,4,1,"Body composition estimation by impedance measurement. Impedance of right arm, oh Measured impedance of right arm. Range 150 - 1200 (ohms) in 1 (ohms) increments."
23099-0.0,0.000357148,0.000178253,0.000888889,0.000474763,23099,UK Biobank Assessment Centre > Physical measures > Anthropometry > Body composition by impedance,100009,Body fat percentage,492820,561867,Complete,Continuous,percent,Data,Derived,Unisex,4,1,Body composition estimation by impedance measurement. Body fat percentage Body fat percentage. Range 1% - 75% in 0.1% increments.
23120-0.0,0.000620518,0.000174896,0.000666667,0.00048736,23120,UK Biobank Assessment Centre > Physical measures > Anthropometry > Body composition by impedance,100009,Arm fat mass (right),492946,562022,Complete,Continuous,Kg,Data,Derived,Unisex,4,1,"Body composition estimation by impedance measurement. Right arm fat mass. Right arm fat mass in Kg, 0.1 increments."
1528-0.0,0.000275573,0.000174768,0.000977778,0.00047604,1528,UK Biobank Assessment Centre > Touchscreen > Lifestyle and environment > Diet,100052,Water intake,501604,574030,Complete,Integer,glasses/day,Data,Primary,Unisex,4,1,"ACE touchscreen question \How many glasses of water do you drink each DAY? \"" The following checks were performed:  If answer   If answer > 99 then rejected  If answer > 10 then participant asked to confirm   If the participant activated the Help button they were shown the message:     Please provide an average considering your intake over the last year. If you are unsure"
23123-0.0,0.000425935,0.000170852,0.000733333,0.000443373,23123,UK Biobank Assessment Centre > Physical measures > Anthropometry > Body composition by impedance,100009,Arm fat percentage (left),492918,561988,Complete,Continuous,percent,Data,Derived,Unisex,4,1,Body composition estimation by impedance measurement. Left arm fat percentage Range 1-75% in 0.1% increments.
20537-0.0,0.000160485,0.000169207,0.000977778,0.000435823,20537,Online follow-up > Mental health > Anxiety,140,Frequency of difficulty controlling worry during worst period of anxiety,48768,48768,Accruing,Categorical single,,Data,Primary,Unisex,1,1,Question asked: \Please think of the period in your life when you have felt worried
23129-0.0,0.000614321,0.000164128,0.000644444,0.000474298,23129,UK Biobank Assessment Centre > Physical measures > Anthropometry > Body composition by impedance,100009,Trunk fat-free mass,492727,561757,Complete,Continuous,Kg,Data,Derived,Unisex,4,1,"Body composition estimation by impedance measurement. Trunk fat free mass. Trunk fat free mass in Kg, 0.1 increments."
23130-0.0,0.000206478,0.000163647,0.000777778,0.000382634,23130,UK Biobank Assessment Centre > Physical measures > Anthropometry > Body composition by impedance,100009,Trunk predicted mass,492686,561703,Complete,Continuous,Kg,Data,Derived,Unisex,4,1,"Body composition estimation by impedance measurement. Trunk predicted mass in Kg, 0.1 increments."
23114-0.0,0.000340126,0.000160791,0.000711111,0.000404009,23114,UK Biobank Assessment Centre > Physical measures > Anthropometry > Body composition by impedance,100009,Leg predicted mass (right),493021,562109,Complete,Continuous,Kg,Data,Derived,Unisex,4,1,"Body composition estimation by impedance measurement. Right leg predicted mass. in Kg, 0.1 increments."
826-0.0,0.000572813,0.000152052,0.000666667,0.000463844,826,UK Biobank Assessment Centre > Touchscreen > Sociodemographics > Employment,100064,Job involves shift work,288418,315178,Complete,Categorical single,,Data,Primary,Unisex,4,1,"ACE touchscreen question \Does your work involve shift work?\"" If the participant activated the Help button they were shown the message:     If you have more than one 'current job' then answer this question for your MAIN job only. Shift work is a work schedule that falls outside of the normal daytime working hours of 9am-5pm.  This may involve working afternoons"
5057-0.0,0.000728242,0.000150856,0.000911111,0.000596737,5057,UK Biobank Assessment Centre > Touchscreen > Family history,100034,Number of older siblings,187519,214417,Complete,Integer,,Data,Primary,Unisex,4,1,This question was introduced part way through fieldwork in April 2009.  ACE touchscreen question \How many OLDER brothers/sisters do you have? (Please include those who have died
2306-0.0,0.0003862,0.000140609,0.000644444,0.000390418,2306,UK Biobank Assessment Centre > Touchscreen > Health and medical history > General health,100042,Weight change compared with 1 year ago,501581,574007,Complete,Categorical single,,Data,Primary,Unisex,4,1,ACE touchscreen question \Compared with one year ago
23105-0.0,0.000394993,0.000140577,0.000755556,0.000430375,23105,UK Biobank Assessment Centre > Physical measures > Anthropometry > Body composition by impedance,100009,Basal metabolic rate,493057,562151,Complete,Continuous,KJ,Data,Derived,Unisex,4,1,Body composition estimation by impedance measurement. Basal metabolic rate Return value in Kilo- Joules.
3426-0.0,0.000204709,0.000140474,0.000622222,0.000322468,3426,UK Biobank Assessment Centre > Touchscreen > Sociodemographics > Employment,100064,Job involves night shift work,51662,54337,Complete,Categorical single,,Data,Primary,Unisex,4,1,"ACE touchscreen question \Does your work involve night shifts?\""  If the participant activated the Help button they were shown the message:        If you have more than one 'current job' then answer this question  for your MAIN job only.  Night shifts are a work schedule that involves working through the  normal sleeping hours"
20448-0.0,0.000920639,0.000131816,0.000311111,0.000454522,20448,Online follow-up > Mental health > Depression,138,Professional informed about depression,89028,89028,Accruing,Categorical single,,Data,Primary,Unisex,1,1,Question asked: \Did you ever tell a professional about these problems (medical doctor
20459-0.0,0.000192313,0.000130371,0.000711111,0.000344598,20459,Online follow-up > Mental health > Happiness and subjective well-being,147,General happiness with own health,157336,157336,Accruing,Categorical single,,Data,Primary,Unisex,1,1,"Question asked: \In general how happy are you with your HEALTH?\"""""
20405-0.0,0.000106709,0.000130348,0.000311111,0.000182723,20405,Online follow-up > Mental health > Alcohol use,142,"Ever had known person concerned about, or recommend reduction of, alcohol consumption",157336,157336,Accruing,Categorical single,,Data,Primary,Unisex,1,1,"Question asked: \Has a relative or friend or a doctor or another health worker been concerned about your drinking or suggested you cut down?\"""""
99999993-0.0,0.000220893,0.000129768,0.0004,0.00025022,99999993,,,PHQ9,,,,,,,,,,,PHQ9
23106-0.0,0.000143042,0.000128372,0.000688889,0.000320101,23106,UK Biobank Assessment Centre > Physical measures > Anthropometry > Body composition by impedance,100009,Impedance of whole body,493019,562106,Complete,Continuous,ohms,Data,Derived,Unisex,4,1,Body composition estimation by impedance measurement. Impedance of whole body. is Range 150 - 1200ohms in 1ohm increments.
1379-0.0,0.000240575,0.00012646,0.000666667,0.000344567,1379,UK Biobank Assessment Centre > Touchscreen > Lifestyle and environment > Diet,100052,Lamb/mutton intake,501606,574032,Complete,Categorical single,,Data,Primary,Unisex,4,1,"ACE touchscreen question \How often do you eat lamb/mutton? (Do not count processed meats)\"" If the participant activated the Help button they were shown the message:     Please provide an average considering your intake over the last year If you are unsure"
20540-0.0,9.77E-05,0.00012531,0.000711111,0.000311366,20540,Online follow-up > Mental health > Anxiety,140,Multiple worries during worst period of anxiety,48768,48768,Accruing,Categorical single,,Data,Primary,Unisex,1,1,Question asked: \Please think of the period in your life when you have felt worried
23110-0.0,0.000134239,0.000117366,0.000555556,0.000269053,23110,UK Biobank Assessment Centre > Physical measures > Anthropometry > Body composition by impedance,100009,Impedance of arm (left),493035,562126,Complete,Continuous,ohms,Data,Derived,Unisex,4,1,"Body composition estimation by impedance measurement. Impedance of left arm, ohm Measured impedance of left arm. Range 150 - 1200 (ohms) in 1 (ohms) increments."
99999994-0.0,0.000156541,0.000116526,0.000355556,0.000209541,99999994,,,PHQ4,,,,,,,,,,,PHQ4
1498-0.0,0.000204956,0.000115694,0.000688889,0.000336513,1498,UK Biobank Assessment Centre > Touchscreen > Lifestyle and environment > Diet,100052,Coffee intake,501604,574030,Complete,Integer,cups/day,Data,Primary,Unisex,4,1,"ACE touchscreen question \How many cups of coffee do you drink each DAY? (Include decaffeinated coffee)\"" The following checks were performed:  If answer   If answer > 99 then rejected  If answer > 10 then participant asked to confirm   If the participant activated the Help button they were shown the message:     Please provide an average considering your intake over the last year. If you are unsure"
20431-0.0,0.000156386,0.000115513,0.0004,0.000223967,20431,Online follow-up > Mental health > Addictions,141,Ever addicted to a behaviour or miscellanous,9379,9379,Accruing,Categorical single,,Data,Primary,Unisex,1,1,"Question asked: \Have you been addicted to a behaviour (such as gambling) or to anything else we have not mentioned?\""  Question was asked when ~F20401~ was Yes."""
1120-0.0,0.000139497,0.000114356,0.0006,0.000284618,1120,UK Biobank Assessment Centre > Touchscreen > Lifestyle and environment > Electronic device use,100053,Weekly usage of mobile phone in last 3 months,428908,488872,Complete,Categorical single,,Data,Primary,Unisex,4,1,ACE touchscreen question \Over the last 3 months
1080-0.0,0.000125234,0.000114273,0.000622222,0.000287243,1080,UK Biobank Assessment Centre > Touchscreen > Lifestyle and environment > Physical activity,100054,Time spent using computer,498734,570273,Complete,Integer,hours/day,Data,Primary,Unisex,4,1,ACE touchscreen question \In a typical DAY
99999999-0.0,0.000126628,0.000111758,0.000422222,0.000220203,99999999,,,Anxiety,,,,,,,,,,,Anxiety
22034-0.0,0.000480108,0.000108052,0.0006,0.000396054,22034,UK Biobank Assessment Centre > Touchscreen > Lifestyle and environment > Physical activity > MET Scores,54,Summed minutes activity,402364,402364,Complete,Integer,minutes,Data,Derived,Unisex,1,1,"Sum of mins performing walking, moderate and vigorous activity."
20532-0.0,0.00024457,0.000107434,0.000666667,0.000339557,20532,Online follow-up > Mental health > Depression,138,Did your sleep change?,89028,89028,Accruing,Categorical single,,Data,Primary,Unisex,1,1,"Question asked: \Did your sleep change?\""  Question was asked when ~F20446~ was Yes or ~F20441~ was Yes."""
4598-0.0,0.002960287,0.000107338,0.0006,0.001222541,4598,UK Biobank Assessment Centre > Touchscreen > Psychosocial factors > Mental health,100060,Ever depressed for a whole week,214359,245135,Complete,Categorical single,,Data,Primary,Unisex,4,1,ACE touchscreen question \Looking back over your life
4559-0.0,0.002012336,0.00010572,0.0006,0.000906018,4559,UK Biobank Assessment Centre > Touchscreen > Psychosocial factors > Mental health,100060,Family relationship satisfaction,214359,245135,Complete,Categorical single,,Data,Primary,Unisex,4,1,"ACE touchscreen question \In general how satisfied are you with your FAMILY RELATIONSHIPS?\""  Question was introduced part way through fieldwork in April 2009."""
1618-0.0,0.000381512,0.000104235,0.000511111,0.000332286,1618,UK Biobank Assessment Centre > Touchscreen > Lifestyle and environment > Alcohol,100051,Alcohol usually taken with meals,395098,454884,Complete,Categorical single,,Data,Primary,Unisex,4,1,"ACE touchscreen question \When you drink alcohol is it usually with meals?\"" ~F1618~ was collected from participants who indicated they drink alcohol"
5375-0.0,0.000572344,0.000104144,0.000333333,0.000336607,5375,UK Biobank Assessment Centre > Touchscreen > Psychosocial factors > Mental health,100060,Longest period of unenthusiasm / disinterest,75964,82745,Complete,Integer,weeks,Data,Primary,Unisex,4,1,"ACE touchscreen question \How many weeks was the longest period when you were uninterested in things or unable to enjoy the things you used to?\""  Question was introduced part way through fieldwork in April 2009.  The following checks were performed:    If answer    If answer > 999 then rejected     ~F5375~ was collected from participants who indicated they have been uninterested in things or unable to enjoy things they used to for at least a week"
6773-2.0,0.000261864,0.000104106,0.000577778,0.000314582,6773,UK Biobank Assessment Centre > Cognitive function > Trail making,505,Interval between previous point and current one in alphanumeric path (trail #2),33524,891405,Accruing,Integer,milliseconds,Data,Derived,Unisex,2,25,Interval between previous point and current one in alphanumeric path (trail #2). Note that these intervals are unlikely to sum to ~F6350~ due to rounding truncation.   If a participant did not complete the trail (as indicated by a zero in ~F6350~) then the number of results for this field will be smaller than the length (25) of the trail.
20418-0.0,0.000283037,0.000101265,0.000511111,0.000298471,20418,Online follow-up > Mental health > Anxiety,140,Impact on normal roles during worst period of anxiety,48768,48768,Accruing,Categorical single,,Data,Primary,Unisex,1,1,Question asked: \Think about your roles at the time of this episode
20548-0.0-9,0.000176837,9.86E-05,0.000355556,0.000210338,20548,Online follow-up > Mental health > Mania,139,Manifestations of mania or irritability,29048,74851,Accruing,Categorical multiple,,Data,Primary,Unisex,1,8,"Question asked: \Please try to remember a period when you were in a \""high\"" or \""irritable\"" state and select all of the following that apply:\""  Participant was offered a set of options which have been combined here into a single answer  Question was asked when ~F20501~ was Yes or ~F20502~ was Yes."""
23127-0.0,0.000286188,9.73E-05,0.000466667,0.000283381,23127,UK Biobank Assessment Centre > Physical measures > Anthropometry > Body composition by impedance,100009,Trunk fat percentage,492819,561868,Complete,Continuous,percent,Data,Derived,Unisex,4,1,Body composition estimation by impedance measurement. Trunk fat percentages Range 1-75% in 0.1% increments.
22033-0.0,9.21E-05,9.05E-05,0.000422222,0.000201593,22033,UK Biobank Assessment Centre > Touchscreen > Lifestyle and environment > Physical activity > MET Scores,54,Summed days activity,414021,414021,Complete,Integer,days,Data,Derived,Unisex,1,1,"Sum of days performing walking, moderate and vigorous activity."
20438-0.0,0.000314788,8.98E-05,0.0004,0.000268208,20438,Online follow-up > Mental health > Depression,138,Duration of worst depression,89028,89028,Accruing,Categorical single,,Data,Primary,Unisex,1,1,Question asked: \About how long altogether did you feel this way? Count the time before
1717-0.0,0.00026426,8.78E-05,0.000444444,0.000265497,1717,UK Biobank Assessment Centre > Touchscreen > Lifestyle and environment > Sun exposure,100055,Skin colour,501591,533588,Complete,Categorical single,,Data,Primary,Unisex,3,1,"ACE touchscreen question \What best describes the colour of your skin without tanning?\""  If the participant activated the Help button they were shown the message:        If you are unsure"
20016-0.0,0.001091965,8.72E-05,0.000488889,0.000556031,20016,UK Biobank Assessment Centre > Cognitive function > Fluid intelligence / reasoning,100027,Fluid intelligence score,205334,233898,Complete,Integer,correct-answers,Data,Derived,Unisex,4,1,This is a simple unweighted sum of the number of correct answers given to the 13 fluid intelligence questions. Participants who did not answer all of the questions within the allotted 2 minute limit are scored as zero for each of the unattempted questions.
20458-0.0,0.000141626,8.69E-05,0.000466667,0.000231725,20458,Online follow-up > Mental health > Happiness and subjective well-being,147,General happiness,157336,157336,Accruing,Categorical single,,Data,Primary,Unisex,1,1,"Question asked: \In general how happy are you?\"""""
20534-0.0,0.0004339,8.64E-05,0.000511111,0.000343794,20534,Online follow-up > Mental health > Depression,138,Sleeping too much,60900,60900,Accruing,Categorical single,,Data,Primary,Unisex,1,1,"Question asked: \Was that: [re sleep change] Sleeping too much\""  Question was asked when ~F20532~ was Yes."""
1130-0.0,0.000184998,8.39E-05,0.0004,0.000222951,1130,UK Biobank Assessment Centre > Touchscreen > Lifestyle and environment > Electronic device use,100053,Hands-free device/speakerphone use with mobile phone in last 3 month,428908,488872,Complete,Categorical single,,Data,Primary,Unisex,4,1,ACE touchscreen question \Over the last 3 months
6348-2.0,0.000593607,8.36E-05,0.000511111,0.000396102,6348,UK Biobank Assessment Centre > Cognitive function > Trail making,505,Duration to complete numeric path (trail #1),33992,36778,Accruing,Integer,deciseconds,Data,Primary,Unisex,2,1,Duration to complete numeric path (trail #1)
20520-0.0,0.000395053,7.96E-05,0.000466667,0.000313782,20520,Online follow-up > Mental health > Anxiety,140,Recent worrying too much about different things,157336,157336,Accruing,Categorical single,,Data,Primary,Unisex,1,1,Question asked: \Over the last 2 weeks
738-0.0,0.000251058,7.95E-05,0.000466667,0.000265732,738,UK Biobank Assessment Centre > Touchscreen > Sociodemographics > Household,100066,Average total household income before tax,497388,568823,Complete,Categorical single,,Data,Primary,Unisex,4,1,"ACE touchscreen question \What is the average total income before tax received by your HOUSEHOLD?\"" If the participant activated the Help button they were shown the message:     If you are unsure of annual household income here are the weekly and monthly equivalents:  Annual    Monthly   Weekly  less than &pound;18"
1920-0.0,0.000281231,7.70E-05,0.000311111,0.000223125,1920,UK Biobank Assessment Centre > Touchscreen > Psychosocial factors > Mental health,100060,Mood swings,501597,574023,Complete,Categorical single,,Data,Primary,Unisex,4,1,"ACE touchscreen question \Does your mood often go up and down?\"" If the participant activated the Help button they were shown the message:     Work through these questions quickly and do not think about the exact meaning of the question     """
20548-0.0-3,0.000141212,7.61E-05,8.89E-05,0.000102084,20548,Online follow-up > Mental health > Mania,139,Manifestations of mania or irritability,29048,74851,Accruing,Categorical multiple,,Data,Primary,Unisex,1,8,"Question asked: \Please try to remember a period when you were in a \""high\"" or \""irritable\"" state and select all of the following that apply:\""  Participant was offered a set of options which have been combined here into a single answer  Question was asked when ~F20501~ was Yes or ~F20502~ was Yes."""
20510-0.0,0.000146909,7.40E-05,0.000177778,0.000132893,20510,Online follow-up > Mental health > Depression,138,Recent feelings of depression,157336,157336,Accruing,Categorical single,,Data,Primary,Unisex,1,1,Question asked: \Over the last 2 weeks
23125-0.0,0.000174806,7.39E-05,0.000288889,0.000179183,23125,UK Biobank Assessment Centre > Physical measures > Anthropometry > Body composition by impedance,100009,Arm fat-free mass (left),492865,561930,Complete,Continuous,Kg,Data,Derived,Unisex,4,1,"Body composition estimation by impedance measurement. Left arm fat free mass Left arm fat free mass in Kg, 0.1 increments."
4609-0.0,0.000460286,7.28E-05,0.0004,0.000311024,4609,UK Biobank Assessment Centre > Touchscreen > Psychosocial factors > Mental health,100060,Longest period of depression,112994,125492,Complete,Integer,weeks,Data,Primary,Unisex,4,1,"ACE touchscreen question \How many weeks was the longest period when you were feeling depressed or down?\""  Question was introduced part way through fieldwork in April 2009.  The following checks were performed:    If answer    If answer > 999 then rejected     ~F4609~ was collected from participants who indicated they have felt depressed or down for at least a whole week"
904-0.0,8.06E-05,7.09E-05,0.000355556,0.000169017,904,UK Biobank Assessment Centre > Touchscreen > Lifestyle and environment > Physical activity,100054,Number of days/week of vigorous physical activity 10+ minutes,501623,574049,Complete,Integer,days/week,Data,Primary,Unisex,4,1,ACE touchscreen question \In a typical WEEK
6325-2.0,0.000193421,7.02E-05,0.000422222,0.00022862,6325,UK Biobank Assessment Centre > Cognitive function > Symbol digit substitution,502,Duration to entering symbol choice,,"88,265",Complete,Continuous,,Data,Primary,,,,
20509-0.0,0.000190358,6.99E-05,0.000422222,0.000227494,20509,Online follow-up > Mental health > Anxiety,140,Recent inability to stop or control worrying,157336,157336,Accruing,Categorical single,,Data,Primary,Unisex,1,1,Question asked: \Over the last 2 weeks
20551-0.0-1,4.77E-05,6.99E-05,0.0004,0.00017252,20551,Online follow-up > Mental health > Addictions,141,Substance of prescription or over-the-counter medication addiction,1317,1430,Accruing,Categorical multiple,,Data,Primary,Unisex,1,3,"Question asked: \Was this addiction or dependence to one of the following? (tick all that apply)\""  Participant was offered a set of options which have been combined here into a single answer  Question was asked when ~F20503~ was Yes."""
5364-0.0,0.001736589,6.81E-05,0.000266667,0.000690449,5364,UK Biobank Assessment Centre > Touchscreen > Lifestyle and environment > Alcohol,100051,Average weekly intake of other alcoholic drinks,146890,167787,Complete,Integer,glasses,Data,Primary,Unisex,4,1,ACE touchscreen question \In an average WEEK
20530-0.0,7.82E-05,6.63E-05,0.000288889,0.000144493,20530,Online follow-up > Mental health > Traumatic events,145,Witnessed sudden violent death,157336,157336,Accruing,Categorical single,,Data,Primary,Unisex,1,1,Question asked: \In your life
2030-0.0,0.000158671,6.58E-05,0.000311111,0.000178543,2030,UK Biobank Assessment Centre > Touchscreen > Psychosocial factors > Mental health,100060,Guilty feelings,501594,574020,Complete,Categorical single,,Data,Primary,Unisex,4,1,"ACE touchscreen question \Are you often troubled by feelings of guilt?\"" If the participant activated the Help button they were shown the message:     Work through these questions quickly and do not think about the exact meaning of the question     """
20505-0.0,0.000183685,6.57E-05,0.0004,0.000216449,20505,Online follow-up > Mental health > Anxiety,140,Recent easy annoyance or irritability,157336,157336,Accruing,Categorical single,,Data,Primary,Unisex,1,1,Question asked: \Over the last 2 weeks
884-0.0,5.47E-05,6.40E-05,0.000288889,0.000135857,884,UK Biobank Assessment Centre > Touchscreen > Lifestyle and environment > Physical activity,100054,Number of days/week of moderate physical activity 10+ minutes,501623,574049,Complete,Integer,days/week,Data,Primary,Unisex,4,1,ACE touchscreen question \In a typical WEEK
20413-0.0,0.000105403,6.39E-05,0.000222222,0.000130516,20413,Online follow-up > Mental health > Alcohol use,142,Frequency of inability to cease drinking in last year,85195,85195,Accruing,Categorical single,,Data,Primary,Unisex,1,1,"Question asked: \How often during the last year have you found that you were not able to stop drinking once you had started?\""  Question was asked when the sum of the answer to ~F20403~ plus the answer to ~F20416~ was 3 or above. Participants responding \""prefer not to answer\"" to one of these trigger questions were scored as 1 for that question."""
23121-0.0,0.000355077,6.34E-05,0.000333333,0.000250607,23121,UK Biobank Assessment Centre > Physical measures > Anthropometry > Body composition by impedance,100009,Arm fat-free mass (right),492947,562019,Complete,Continuous,Kg,Data,Derived,Unisex,4,1,"Body composition estimation by impedance measurement. Right arm fat free mass Right arm fat free mass in Kg, 0.1 increments."
21004-2.0,0.000734368,6.32E-05,0.000377778,0.00039179,21004,UK Biobank Assessment Centre > Cognitive function > Tower rearranging,503,Number of puzzles correct,33328,36035,Accruing,Integer,correct-answers,Data,Derived,Unisex,2,1,"Number of puzzles correct, scored from the participant answers in ~F6312~."
1389-0.0,0.000154714,6.29E-05,0.000222222,0.000146614,1389,UK Biobank Assessment Centre > Touchscreen > Lifestyle and environment > Diet,100052,Pork intake,501604,574030,Complete,Categorical single,,Data,Primary,Unisex,4,1,"ACE touchscreen question \How often do you eat pork? (Do not count processed meats such as bacon or ham)\"" If the participant activated the Help button they were shown the message:     Please provide an average considering your intake over the last year If you are unsure"
3761-0.0,3.32E-05,6.22E-05,0.000355556,0.000150323,3761,UK Biobank Assessment Centre > Touchscreen > Health and medical history > Medical conditions,100044,"Age hay fever, rhinitis or eczema diagnosed",118356,132315,Complete,Integer,years,Data,Primary,Unisex,4,1,ACE touchscreen question \What was your age when the hayfever
20535-0.0,0.000206443,6.15E-05,0.000377778,0.000215257,20535,Online follow-up > Mental health > Depression,138,Waking too early,60900,60900,Accruing,Categorical single,,Data,Primary,Unisex,1,1,"Question asked: \Was that: [re sleep change] Waking too early\""  Question was asked when ~F20532~ was Yes."""
20527-0.0,0.000107496,6.11E-05,0.000311111,0.000159906,20527,Online follow-up > Mental health > Traumatic events,145,Been involved in combat or exposed to war-zone,157336,157336,Accruing,Categorical single,,Data,Primary,Unisex,1,1,Question asked: \In your life
20544-0.0-3,2.83E-05,6.03E-05,0.000333333,0.000140654,20544,Online follow-up > Mental health > Mental distress,137,Depression diagnosed by professional,50088,74866,Accruing,Categorical multiple,,Data,Primary,Unisex,1,16,Question asked: \Have you been diagnosed with one or more of the following mental health problems by a professional
816-0.0,0.000324114,5.93E-05,0.000288889,0.000224092,816,UK Biobank Assessment Centre > Touchscreen > Sociodemographics > Employment,100064,Job involves heavy manual or physical work,288418,315178,Complete,Categorical single,,Data,Primary,Unisex,4,1,"ACE touchscreen question \Does your work involve heavy manual or physical work?\"" If the participant activated the Help button they were shown the message:     If you have more than one 'current job' then answer this question for your MAIN job only. Physical work includes work that involves handling of heavy objects and use of heavy tools.      ~F816~ was collected from participants who indicated they were in paid employment or self-employed as defined by their answers to ~F6142~"""
20417-0.0,0.000174873,5.81E-05,0.000311111,0.000181362,20417,Online follow-up > Mental health > Anxiety,140,"Tense, sore, or aching muscles during worst period of anxiety",48768,48768,Accruing,Categorical single,,Data,Primary,Unisex,1,1,Question asked: \When you were worried or anxious
1727-0.0,5.31E-05,5.81E-05,0.000288889,0.000133373,1727,UK Biobank Assessment Centre > Touchscreen > Lifestyle and environment > Sun exposure,100055,Ease of skin tanning,498391,529818,Complete,Categorical single,,Data,Primary,Unisex,3,1,"ACE touchscreen question \What would happen to your skin if it was repeatedly exposed to bright sunlight without any protection?\""   This question was dropped from the touchscreen protocol on 24/10/2016."""
1940-0.0,5.49E-05,5.67E-05,0.000333333,0.000148296,1940,UK Biobank Assessment Centre > Touchscreen > Psychosocial factors > Mental health,100060,Irritability,501597,574023,Complete,Categorical single,,Data,Primary,Unisex,4,1,"ACE touchscreen question \Are you an irritable person?\"" If the participant activated the Help button they were shown the message:     Work through these questions quickly and do not think about the exact meaning of the question     """
1060-0.0,6.55E-05,5.62E-05,0.000311111,0.000144272,1060,UK Biobank Assessment Centre > Touchscreen > Lifestyle and environment > Sun exposure,100055,Time spent outdoors in winter,498736,570275,Complete,Integer,hours/day,Data,Primary,Unisex,4,1,ACE touchscreen question \In a typical DAY in winter
1767-0.0,2.32E-05,5.28E-05,0.000244444,0.000106837,1767,UK Biobank Assessment Centre > Touchscreen > Early life factors,100033,Adopted as a child,501601,574027,Complete,Categorical single,,Data,Primary,Unisex,4,1,"ACE touchscreen question \Were you adopted as a child?\"""""
1787-0.0,5.88E-05,5.28E-05,0.000266667,0.000126091,1787,UK Biobank Assessment Centre > Touchscreen > Early life factors,100033,Maternal smoking around birth,494251,525778,Complete,Categorical single,,Data,Primary,Unisex,3,1,"ACE touchscreen question \Did your mother smoke regularly around the time when you were born?\""  ~F1787~ was collected from all participants except those who indicated they were adopted as a child"
20415-0.0,4.24E-05,5.15E-05,0.000266667,0.000120187,20415,Online follow-up > Mental health > Addictions,141,Ongoing addiction to alcohol,3590,3590,Accruing,Categorical single,,Data,Primary,Unisex,1,1,"Question asked: \Is this addiction ongoing?\""  Question was asked when ~F20406~ was Yes."""
20427-0.0,0.000466883,4.84E-05,8.89E-05,0.000201392,20427,Online follow-up > Mental health > Anxiety,140,Frequent trouble falling or staying asleep during worst period of anxiety,48768,48768,Accruing,Categorical single,,Data,Primary,Unisex,1,1,Question asked: \When you were worried or anxious
20506-0.0,8.75E-05,4.82E-05,0.000288889,0.000141529,20506,Online follow-up > Mental health > Anxiety,140,Recent feelings or nervousness or anxiety,157336,157336,Accruing,Categorical single,,Data,Primary,Unisex,1,1,Question asked: \Over the last 2 weeks
20541-0.0,6.21E-06,4.74E-05,0.000288889,0.000114158,20541,Online follow-up > Mental health > Anxiety,140,Difficulty stopping worrying during worst period of anxiety,48768,48768,Accruing,Categorical single,,Data,Primary,Unisex,1,1,Question asked: \Please think of the period in your life when you have felt worried
23324-2.0,0.000310429,4.67E-05,0.000288889,0.000215331,23324,UK Biobank Assessment Centre > Cognitive function > Symbol digit substitution,502,Number of symbol digit matches made correctly,33626,36325,Accruing,Integer,correct-answers,Data,Derived,Unisex,2,1,"This is the number of symbols correctly matched to digits by the participant.   Note that it would be possible to get a high score here simply by repeated entering \1\"" very quickly as it would be correct 1/8 of the time and a large number of attempts could be made. For this reason"
4194-0.0,0.000328743,4.66E-05,0.000244444,0.000206599,4194,UK Biobank Assessment Centre > Physical measures > Arterial stiffness,100007,Pulse rate,207961,235366,Complete,Integer,bpm,Data,Primary,Unisex,4,1,Pulse rate during arterial stiffness measurement
20460-0.0,0.000149203,4.65E-05,0.000177778,0.000124499,20460,Online follow-up > Mental health > Happiness and subjective well-being,147,Belief that own life is meaningful,157336,157336,Accruing,Categorical single,,Data,Primary,Unisex,1,1,"Question asked: \To what extent do you feel your life to be meaningful?\"""""
4195-0.0,0.000386631,4.61E-05,0.000244444,0.00022572,4195,UK Biobank Assessment Centre > Physical measures > Arterial stiffness,100007,Pulse wave reflection index,207961,235366,Complete,Integer,,Data,Primary,Unisex,4,1,reflection index is a measure of reflection A digital volume pulse can be considered to be the summation of a direct and a reflected component. The direct component is due to transmission of a pressure wave from the left ventricle to the finger via the most direct route. The reflected component is formed by pressure transmitted from the heart to the lower body where it is reflected back up the aorta and thence to the finger. if 'b' is the height of direct wave peak and 'a' is the height of reflected wave peak the reflected index = (a/b) * 100%
2887-0.0,5.39E-05,4.59E-05,0.000266667,0.000122138,2887,UK Biobank Assessment Centre > Touchscreen > Lifestyle and environment > Smoking,100058,Number of cigarettes previously smoked daily,117989,131750,Complete,Integer,cigarettes/day,Data,Primary,Unisex,4,1,"ACE touchscreen question \About how many cigarettes did you smoke on average each day? \"" The following checks were performed:  If answer   If answer > 150 then rejected  If answer > 100 then participant asked to confirm   If the participant activated the Help button they were shown the message:     Count the total number of cigarettes (including both hand-rolled and manufactured cigarettes if both were smoked) For hand-rolled cigarettes:   - One ounce of tobacco makes about 30 cigarettes   - One gram of tobacco makes about 1 cigarette      ~F2887~ was collected from participants who indicated that in the past they smoked on most or all days"
20126-0.0,0.000357195,4.56E-05,0.000222222,0.000208339,20126,UK Biobank Assessment Centre > Touchscreen > Psychosocial factors > Mental health,100060,Bipolar and major depression status,122972,122972,Complete,Categorical single,,Data,Derived,Unisex,1,1,"Bipolar and major depression status.   This derived data field has come from Professor Jill Pell from the Institute of Health &amp; Wellbeing, University of Glasgow. Methods on how these fields were derived can be found in the Additional Resources tab."
23126-0.0,9.26E-05,4.56E-05,0.000177778,0.000105319,23126,UK Biobank Assessment Centre > Physical measures > Anthropometry > Body composition by impedance,100009,Arm predicted mass (left),492848,561911,Complete,Continuous,Kg,Data,Derived,Unisex,4,1,"Body composition estimation by impedance measurement. Left arm predicted mass. in Kg, 0.1 increments."
20514-0.0,0.000218163,4.41E-05,0.000155556,0.000139264,20514,Online follow-up > Mental health > Depression,138,Recent lack of interest or pleasure in doing things,157336,157336,Accruing,Categorical single,,Data,Primary,Unisex,1,1,Question asked: \Over the last 2 weeks
4631-0.0,0.001336299,4.40E-05,0.000222222,0.000534175,4631,UK Biobank Assessment Centre > Touchscreen > Psychosocial factors > Mental health,100060,Ever unenthusiastic/disinterested for a whole week,214359,245135,Complete,Categorical single,,Data,Primary,Unisex,4,1,"ACE touchscreen question \Have you ever had a time when you were uninterested in things or unable to enjoy the things you used to for at least a whole week? \""  Question was introduced part way through fieldwork in April 2009."""
20468-0.0,6.36E-05,4.39E-05,0.000111111,7.29E-05,20468,Online follow-up > Mental health > Unusual and psychotic experiences,144,Ever believed in an un-real conspiracy against self,157336,157336,Accruing,Categorical single,,Data,Primary,Unisex,1,1,Question asked: \Did you ever believe that there was an unjust plot going on to harm you or to have people follow you
20409-0.0,0.000123856,4.37E-05,0.000177778,0.000115096,20409,Online follow-up > Mental health > Alcohol use,142,Frequency of feeling guilt or remorse after drinking alcohol in last year,85195,85195,Accruing,Categorical single,,Data,Primary,Unisex,1,1,"Question asked: \How often during the last year have you had a feeling of guilt or remorse after drinking?\""  Question was asked when the sum of the answer to ~F20403~ plus the answer to ~F20416~ was 3 or above. Participants responding \""prefer not to answer\"" to one of these trigger questions were scored as 1 for that question."""
20548-0.0-2,0.000148026,4.23E-05,0.000133333,0.000107872,20548,Online follow-up > Mental health > Mania,139,Manifestations of mania or irritability,29048,74851,Accruing,Categorical multiple,,Data,Primary,Unisex,1,8,"Question asked: \Please try to remember a period when you were in a \""high\"" or \""irritable\"" state and select all of the following that apply:\""  Participant was offered a set of options which have been combined here into a single answer  Question was asked when ~F20501~ was Yes or ~F20502~ was Yes."""
20197-2.0,6.07E-05,4.14E-05,0.000244444,0.000115507,20197,UK Biobank Assessment Centre > Cognitive function > Paired associate learning,506,Number of word pairs correctly associated,33992,36778,Accruing,Integer,,Data,Derived,Unisex,2,1,This is the number of word pairs correctly associated out of ten attempts.
1269-0.0,4.66E-05,4.11E-05,0.000111111,6.63E-05,1269,UK Biobank Assessment Centre > Touchscreen > Lifestyle and environment > Smoking,100058,Exposure to tobacco smoke at home,464097,533494,Complete,Integer,hours/week,Data,Primary,Unisex,4,1,ACE touchscreen question \At home
20512-0.0,0.000103748,4.06E-05,0.0002,0.000114789,20512,Online follow-up > Mental health > Anxiety,140,Recent feelings of foreboding,157336,157336,Accruing,Categorical single,,Data,Primary,Unisex,1,1,Question asked: \Over the last 2 weeks
4282-0.0,9.40E-05,3.88E-05,0.000222222,0.000118339,4282,UK Biobank Assessment Centre > Cognitive function > Numeric memory,100029,Maximum digits remembered correctly,82818,89454,Complete,Integer,,Data,Primary,Unisex,4,1,Longest number correctly recalled during the numeric memory test. A value of -1 is recorded if the participant chose to abandon the test before completing the first round.
1970-0.0,8.81E-06,3.84E-05,0.000155556,6.76E-05,1970,UK Biobank Assessment Centre > Touchscreen > Psychosocial factors > Mental health,100060,Nervous feelings,501596,574022,Complete,Categorical single,,Data,Primary,Unisex,4,1,"ACE touchscreen question \Would you call yourself a nervous person?\"" If the participant activated the Help button they were shown the message:     Work through these questions quickly and do not think about the exact meaning of the question     """
20420-0.0,7.28E-05,3.72E-05,0.000222222,0.000110751,20420,Online follow-up > Mental health > Anxiety,140,Longest period spent worried or anxious,39006,39006,Accruing,Integer,,Data,Primary,Unisex,1,1,"Question asked: \What is the longest period of time that this kind of worrying has ever continued?\""  Question was asked when ~F20421~ was Yes."""
1518-0.0,3.24E-05,3.61E-05,0.0002,8.95E-05,1518,UK Biobank Assessment Centre > Touchscreen > Lifestyle and environment > Diet,100052,Hot drink temperature,501604,574030,Complete,Categorical single,,Data,Primary,Unisex,4,1,"ACE touchscreen question \How do you like your hot drinks? (Such as coffee or tea)\"""""
5518-0.0,3.76E-05,3.54E-05,0.0002,9.10E-05,5518,UK Biobank Assessment Centre > Touchscreen > Health and medical history > Claudication and peripheral artery disease,100038,Leg pain on walking : effect of standing still,51160,53750,Complete,Categorical single,,Data,Primary,Unisex,4,1,"ACE touchscreen question \What happens to the pain you get while walking if you stand still?\"" ~F5518~ was collected from participants who indicated that they get a pain in either leg on walking"
1408-0.0,6.70E-05,3.51E-05,0.0002,0.000100694,1408,UK Biobank Assessment Centre > Touchscreen > Lifestyle and environment > Diet,100052,Cheese intake,490265,560494,Complete,Categorical single,,Data,Primary,Unisex,4,1,ACE touchscreen question \How often do you eat cheese? (Include cheese in pizzas
1359-0.0,0.000105421,3.49E-05,0.000155556,9.86E-05,1359,UK Biobank Assessment Centre > Touchscreen > Lifestyle and environment > Diet,100052,Poultry intake,501606,574032,Complete,Categorical single,,Data,Primary,Unisex,4,1,ACE touchscreen question \How often do you eat chicken
1170-0.0,2.54E-05,3.45E-05,0.000177778,7.92E-05,1170,UK Biobank Assessment Centre > Touchscreen > Lifestyle and environment > Sleep,100057,Getting up in morning,498731,570270,Complete,Categorical single,,Data,Primary,Unisex,4,1,ACE touchscreen question \On an average day
20515-0.0,6.13E-05,3.41E-05,0.000177778,9.11E-05,20515,Online follow-up > Mental health > Anxiety,140,Recent trouble relaxing,157336,157336,Accruing,Categorical single,,Data,Primary,Unisex,1,1,Question asked: \Over the last 2 weeks
2020-0.0,0.000139466,3.36E-05,8.89E-05,8.73E-05,2020,UK Biobank Assessment Centre > Touchscreen > Psychosocial factors > Mental health,100060,"Loneliness, isolation",501594,574020,Complete,Categorical single,,Data,Primary,Unisex,4,1,"ACE touchscreen question \Do you often feel lonely?\"" If the participant activated the Help button they were shown the message:     Work through these questions quickly and do not think about the exact meaning of the question     """
1697-0.0,1.27E-05,3.30E-05,0.000155556,6.71E-05,1697,UK Biobank Assessment Centre > Touchscreen > Early life factors,100033,Comparative height size at age 10,501592,533589,Complete,Categorical single,,Data,Primary,Unisex,3,1,ACE touchscreen question \When you were 10 years old
1319-0.0,5.90E-05,3.30E-05,0.000155556,8.25E-05,1319,UK Biobank Assessment Centre > Touchscreen > Lifestyle and environment > Diet,100052,Dried fruit intake,501607,574033,Complete,Integer,pieces/day,Data,Primary,Unisex,4,1,ACE touchscreen question \About how many pieces of DRIED fruit would you eat per DAY? (Count one prune
6772-2.0,0.000142843,3.26E-05,0.0002,0.000125134,6772,UK Biobank Assessment Centre > Cognitive function > Trail making,505,Interval between previous point and current one in numeric path (trail #1),33652,907235,Accruing,Integer,deciseconds,Data,Derived,Unisex,2,25,Interval between previous point and current one in numeric path (trail #1). Note that these intervals are unlikely to sum to ~F6348~ due to rounding truncation.   If a participant did not complete the trail (as indicated by a zero in ~F6348~) then the number of results for this field will be smaller than the length (25) of the trail.
20447-0.0,0.000182929,3.14E-05,0.000177778,0.000130686,20447,Online follow-up > Mental health > Depression,138,Depression possibly related to stressful or traumatic event,89028,89028,Accruing,Categorical single,,Data,Primary,Unisex,1,1,"Question asked: \Did this worst period start within two months of the death of someone close to you or after a stressful or traumatic event in your life?\""  Question was asked when ~F20446~ was Yes or ~F20441~ was Yes."""
20497-0.0,0.000134854,3.13E-05,0.000155556,0.000107245,20497,Online follow-up > Mental health > Traumatic events,145,Repeated disturbing thoughts of stressful experience in past month,157336,157336,Accruing,Categorical single,,Data,Primary,Unisex,1,1,Question asked: \Next is a list of problems and complaints that people sometimes have in response to such extremely stressful experiences. Please indicate how much you have been bothered by that problem in the past month: Repeated
20428-0.0,8.02E-06,3.08E-05,0.000155556,6.48E-05,20428,Online follow-up > Mental health > Anxiety,140,Professional informed about anxiety,48768,48768,Accruing,Categorical single,,Data,Primary,Unisex,1,1,Question asked: \Did you ever tell a professional about these problems (medical doctor
20525-0.0,2.14E-05,2.97E-05,0.000155556,6.89E-05,20525,Online follow-up > Mental health > Traumatic events,145,Able to pay rent/mortgage as an adult,157336,157336,Accruing,Categorical single,,Data,Primary,Unisex,1,1,"Question asked: \Since I was sixteen... There was money to pay the rent or mortgage when I needed it\"""""
20544-0.0-6,7.06E-05,2.88E-05,0.000177778,9.24E-05,20544,Online follow-up > Mental health > Mental distress,137,Depression diagnosed by professional,50088,74866,Accruing,Categorical multiple,,Data,Primary,Unisex,1,16,Question asked: \Have you been diagnosed with one or more of the following mental health problems by a professional
20401-0.0,2.55E-05,2.75E-05,8.89E-05,4.73E-05,20401,Online follow-up > Mental health > Addictions,141,Ever addicted to any substance or behaviour,157336,157336,Accruing,Categorical single,,Data,Primary,Unisex,1,1,Question asked: \Have you been addicted to or dependent on one or more things
20544-0.0-15,0.000318979,2.74E-05,0.000155556,0.000167313,20544,Online follow-up > Mental health > Mental distress,137,Depression diagnosed by professional,50088,74866,Accruing,Categorical multiple,,Data,Primary,Unisex,1,16,Question asked: \Have you been diagnosed with one or more of the following mental health problems by a professional
4285-0.0,0.000447869,2.63E-05,0.000155556,0.000209918,4285,UK Biobank Assessment Centre > Cognitive function > Numeric memory,100029,Time to complete test,82818,89454,Complete,Integer,deciseconds,Data,Auxiliary,Unisex,4,1,Total time use by numeric memory test from first to last rounds.
6183-0.0,1.33E-05,2.57E-05,0.000155556,6.49E-05,6183,UK Biobank Assessment Centre > Touchscreen > Lifestyle and environment > Smoking,100058,Number of cigarettes previously smoked daily (current cigar/pipe smokers),1813,1875,Complete,Integer,,Data,Primary,Unisex,4,1,"ACE touchscreen question \About how many cigarettes did you smoke on average each day?\"" The following checks were performed:  If answer   If answer > 150 then rejected  If answer > 100 then participant asked to confirm   If the participant activated the Help button they were shown the message:     Count the total number of cigarettes (including both hand-rolled and manufactured cigarettes if both were smoked) For hand-rolled cigarettes:  - One ounce of tobacco makes about 30 cigarettes  - One gram of tobacco makes about 1 cigarette      ~F6183~ was collected from participants who indicated they currently smoke cigars and pipes"
1628-0.0,2.80E-05,2.46E-05,0.000111111,5.46E-05,1628,UK Biobank Assessment Centre > Touchscreen > Lifestyle and environment > Alcohol,100051,Alcohol intake versus 10 years previously,460885,527914,Complete,Categorical single,,Data,Primary,Unisex,4,1,ACE touchscreen question \Compared to 10 years ago
20474-0.0,2.99E-05,2.36E-05,0.000111111,5.49E-05,20474,Online follow-up > Mental health > Unusual and psychotic experiences,144,Ever believed in un-real communications or signs,157336,157336,Accruing,Categorical single,,Data,Primary,Unisex,1,1,"Question asked: \Did you ever believe that a strange force was trying to communicate directly with you by sending special signs or signals that you could understand but that no one else could understand (for example through the radio or television)?\"""""
20516-0.0,0.000131794,2.26E-05,6.67E-05,7.37E-05,20516,Online follow-up > Mental health > Anxiety,140,Recent restlessness,157336,157336,Accruing,Categorical single,,Data,Primary,Unisex,1,1,Question asked: \Over the last 2 weeks
5663-0.0,6.79E-06,2.25E-05,0.000133333,5.42E-05,5663,UK Biobank Assessment Centre > Touchscreen > Psychosocial factors > Mental health,100060,Length of longest manic/irritable episode,43557,45920,Complete,Categorical single,,Data,Primary,Unisex,4,1,"ACE touchscreen question \What is the longest time period that these \""high\"" or \""irritable\"" periods have lasted?\""  Question was introduced part way through fieldwork in April 2009.  ~F5663~ was collected from participants who indicated they have had a period of at least two days when they were more high"
1070-0.0,0.000106467,2.23E-05,0.000133333,8.74E-05,1070,UK Biobank Assessment Centre > Touchscreen > Lifestyle and environment > Physical activity,100054,Time spent watching television (TV),501618,574044,Complete,Integer,hours/day,Data,Primary,Unisex,4,1,ACE touchscreen question \In a typical DAY
4570-0.0,0.000100681,2.21E-05,0.000133333,8.54E-05,4570,UK Biobank Assessment Centre > Touchscreen > Psychosocial factors > Mental health,100060,Friendships satisfaction,214359,245135,Complete,Categorical single,,Data,Primary,Unisex,4,1,"ACE touchscreen question \In general how satisfied are you with your FRIENDSHIPS?\""  Question was introduced part way through fieldwork in April 2009."""
399-0.1,3.57E-05,2.15E-05,0.000133333,6.35E-05,399,UK Biobank Assessment Centre > Cognitive function > Pairs matching,100030,Number of incorrect matches in round,498734,1168787,Complete,Integer,,Data,Primary,Unisex,4,3,A value of 0 indicates the participant made no mistakes.
3496-0.0,2.08E-05,1.99E-05,0.000111111,5.06E-05,3496,UK Biobank Assessment Centre > Touchscreen > Lifestyle and environment > Smoking,100058,Wants to stop smoking,39142,40540,Complete,Categorical single,,Data,Primary,Unisex,4,1,"ACE touchscreen question \Do you want to stop smoking?\"" ~F3496~ was collected from participants who indicated they currently smoke tobacco on most or all days"
864-0.0,8.79E-06,1.98E-05,8.89E-05,3.92E-05,864,UK Biobank Assessment Centre > Touchscreen > Lifestyle and environment > Physical activity,100054,Number of days/week walked 10+ minutes,501627,574053,Complete,Integer,days/week,Data,Primary,Unisex,4,1,ACE touchscreen question \In a typical WEEK
6351-2.0,4.30E-06,1.96E-05,0.000111111,4.50E-05,6351,UK Biobank Assessment Centre > Cognitive function > Trail making,505,Total errors traversing alphanumeric path (trail #2),33992,36778,Accruing,Integer,error-count,Data,Primary,Unisex,2,1,Total errors traversing alphanumeric path (trail #2). A zero value here does not indicate that the participant completed the trail without problems as it is possible they abandoned during the process prior to making any mistakes - see ~F6350~ to determine whether they actually completed the trail.
2926-0.0,2.26E-05,1.94E-05,8.89E-05,4.36E-05,2926,UK Biobank Assessment Centre > Touchscreen > Lifestyle and environment > Smoking,100058,Number of unsuccessful stop-smoking attempts,122708,137168,Complete,Integer,,Data,Primary,Unisex,4,1,"ACE touchscreen question \How many times did you try to give up smoking before you were successful?\"" The following checks were performed:  If answer   If answer > 200 then rejected  If answer > 20 then participant asked to confirm   If the participant activated the Help button they were shown the message:     If you are unsure"
20432-0.0,1.45E-05,1.91E-05,6.67E-05,3.35E-05,20432,Online follow-up > Mental health > Addictions,141,Ongoing behavioural or miscellanous addiction,2241,2241,Accruing,Categorical single,,Data,Primary,Unisex,1,1,"Question asked: \Are these addictions ongoing?\""  Question was asked when ~F20431~ was Yes."""
6333-2.0,0.000155789,1.86E-05,0.000111111,9.52E-05,6333,UK Biobank Assessment Centre > Cognitive function > Matrix pattern completion,501,Duration spent answering each puzzle,33602,475387,Accruing,Integer,deciseconds,Data,Primary,Unisex,2,15,"This is an array of values, one for each puzzle answered, detailing how long the participant spent looking at a puzzle before selecting their answer.   Some values are zero indicating a response time of less than 0.1 seconds, which is below the realistic minimum time for mentally processing the picture and deciding which image to touch. Such values are assumed to be due to a participant hovering a finger over the screen and accidentally making contact with it when the puzzle first appears."
20529-0.0,4.40E-05,1.85E-05,0.000111111,5.79E-05,20529,Online follow-up > Mental health > Traumatic events,145,Victim of physically violent crime,157336,157336,Accruing,Categorical single,,Data,Primary,Unisex,1,1,Question asked: \In your life
1031-0.0,1.48E-06,1.85E-05,8.89E-05,3.63E-05,1031,UK Biobank Assessment Centre > Touchscreen > Psychosocial factors > Social support,100061,Frequency of friend/family visits,498736,570275,Complete,Categorical single,,Data,Primary,Unisex,4,1,"ACE touchscreen question \How often do you visit friends or family or have them visit you?\"" If the participant activated the Help button they were shown the message:     If this varies"
5674-0.0,2.19E-05,1.85E-05,6.67E-05,3.57E-05,5674,UK Biobank Assessment Centre > Touchscreen > Psychosocial factors > Mental health,100060,Severity of manic/irritable episodes,43557,45920,Complete,Categorical single,,Data,Primary,Unisex,4,1,"ACE touchscreen question \How much of a problem have these \""high\"" or \""irritable\"" periods caused you?\""  Question was introduced part way through fieldwork in April 2009.  ~F5674~ was collected from participants who indicated they have had a period of at least two days when they were more high"
1110-0.0,6.30E-05,1.81E-05,0.000111111,6.41E-05,1110,UK Biobank Assessment Centre > Touchscreen > Lifestyle and environment > Electronic device use,100053,Length of mobile phone use,501617,574043,Complete,Categorical single,,Data,Primary,Unisex,4,1,"ACE touchscreen question \For approximately how many years have you been using a mobile phone at least once per week to make or receive calls?\"" If the participant activated the Help button they were shown the message:     Do not include time spent text messaging. If you are unsure"
4537-0.0,4.14E-05,1.76E-05,0.000111111,5.67E-05,4537,UK Biobank Assessment Centre > Touchscreen > Psychosocial factors > Mental health,100060,Work/job satisfaction,214359,245135,Complete,Categorical single,,Data,Primary,Unisex,4,1,"ACE touchscreen question \In general how satisfied are you with the WORK that you do?\""  Question was introduced part way through fieldwork in April 2009."""
20543-0.0,3.57E-05,1.74E-05,0.000111111,5.48E-05,20543,Online follow-up > Mental health > Anxiety,140,Number of things worried about during worst period of anxiety,48768,48768,Accruing,Categorical single,,Data,Primary,Unisex,1,1,Question asked: \Please think of the period in your life when you have felt worried
2178-0.0,8.07E-05,1.74E-05,8.89E-05,6.23E-05,2178,UK Biobank Assessment Centre > Touchscreen > Health and medical history > General health,100042,Overall health rating,501583,574009,Complete,Categorical single,,Data,Primary,Unisex,4,1,"ACE touchscreen question \In general how would you rate your overall health?\"""""
23122-0.0,1.96E-05,1.72E-05,8.89E-05,4.19E-05,23122,UK Biobank Assessment Centre > Physical measures > Anthropometry > Body composition by impedance,100009,Arm predicted mass (right),492939,562011,Complete,Continuous,Kg,Data,Derived,Unisex,4,1,"Body composition estimation by impedance measurement. Right Arm predicted mass in Kg, 0.1 increments."
20429-0.0,6.90E-05,1.72E-05,0.000111111,6.58E-05,20429,Online follow-up > Mental health > Anxiety,140,Easily tired during worst period of anxiety,48768,48768,Accruing,Categorical single,,Data,Primary,Unisex,1,1,Question asked: \When you were worried or anxious
20445-0.0,7.24E-05,1.64E-05,8.89E-05,5.92E-05,20445,Online follow-up > Mental health > Depression,138,Depression possibly related to childbirth,89028,89028,Accruing,Categorical single,,Data,Primary,Unisex,1,1,"Question asked: \Did this episode occur within months of giving birth? Or has it been suggested you had post-natal depression?\""  Question was asked for women (only) when ~F20446~ was Yes or ~F20441~ was Yes."""
20435-0.0,0.000165503,1.64E-05,0.000111111,9.77E-05,20435,Online follow-up > Mental health > Depression,138,Difficulty concentrating during worst depression,89028,89028,Accruing,Categorical single,,Data,Primary,Unisex,1,1,"Question asked: \Did you have a lot more trouble concentrating than usual?\""  Question was asked when ~F20446~ was Yes or ~F20441~ was Yes."""
20511-0.0,3.74E-05,1.63E-05,8.89E-05,4.76E-05,20511,Online follow-up > Mental health > Depression,138,Recent poor appetite or overeating,157336,157336,Accruing,Categorical single,,Data,Primary,Unisex,1,1,Question asked: \Over the last 2 weeks
1777-0.0,7.01E-06,1.61E-05,8.89E-05,3.73E-05,1777,UK Biobank Assessment Centre > Touchscreen > Early life factors,100033,Part of a multiple birth,494251,525778,Complete,Categorical single,,Data,Primary,Unisex,3,1,ACE touchscreen question \Are you a twin
894-0.0,5.06E-06,1.59E-05,8.89E-05,3.66E-05,894,UK Biobank Assessment Centre > Touchscreen > Lifestyle and environment > Physical activity,100054,Duration of moderate activity,418101,475782,Complete,Integer,minutes/day,Data,Primary,Unisex,4,1,"ACE touchscreen question \How many minutes did you usually spend doing moderate activities on a typical DAY?\"" The following checks were performed:  If answer   If answer > 1440 then rejected  If answer   If answer > 300 then participant asked to confirm   If the participant activated the Help button they were shown the message:     If the time you usually spend doing moderate physical activity on each day of the week varies a lot"
1757-0.0,6.03E-06,1.59E-05,8.89E-05,3.69E-05,1757,UK Biobank Assessment Centre > Touchscreen > Lifestyle and environment > Sun exposure,100055,Facial ageing,498718,570257,Complete,Categorical single,,Data,Primary,Unisex,4,1,"ACE touchscreen question \Do people say that you look:\"""""
20498-0.0,6.78E-05,1.56E-05,4.44E-05,4.26E-05,20498,Online follow-up > Mental health > Traumatic events,145,Felt very upset when reminded of stressful experience in past month,157336,157336,Accruing,Categorical single,,Data,Primary,Unisex,1,1,"Question asked: \Next is a list of problems and complaints that people sometimes have in response to such extremely stressful experiences. Please indicate how much you have been bothered by that problem in the past month: Feeling very upset when something reminded you of a stressful experience?\"""""
5496-0.0,5.71E-05,1.56E-05,8.89E-05,5.39E-05,5496,UK Biobank Assessment Centre > Touchscreen > Health and medical history > Claudication and peripheral artery disease,100038,Leg pain when walking ever disappears while walking,28001,28927,Complete,Categorical single,,Data,Primary,Unisex,4,1,"ACE touchscreen question \Does the pain you get while walking ever disappear when you continue walking?\"" ~F5496~ was collected from participants who indicated that they get a pain in either leg on walking"
403-0.0,6.92E-06,1.47E-05,8.89E-05,3.68E-05,403,UK Biobank Assessment Centre > Cognitive function > Reaction time,100032,Number of times snap-button pressed,496599,6783444,Complete,Integer,,Data,Primary,Unisex,4,12,This indicates the number of times the snap-button was pressed (i.e. the user indicated the cards matched) in each round.
1687-0.0,1.47E-05,1.46E-05,8.89E-05,3.94E-05,1687,UK Biobank Assessment Centre > Touchscreen > Early life factors,100033,Comparative body size at age 10,501592,533589,Complete,Categorical single,,Data,Primary,Unisex,3,1,ACE touchscreen question \When you were 10 years old
1478-0.0,5.95E-05,1.45E-05,6.67E-05,4.69E-05,1478,UK Biobank Assessment Centre > Touchscreen > Lifestyle and environment > Diet,100052,Salt added to food,501604,574030,Complete,Categorical single,,Data,Primary,Unisex,4,1,"ACE touchscreen question \Do you add salt to your food? (Do not include salt used in cooking)\"" If the participant activated the Help button they were shown the message:     Please provide an average considering your intake over the last year If you are unsure"
20446-0.0,1.65E-06,1.37E-05,4.44E-05,1.99E-05,20446,Online follow-up > Mental health > Depression,138,Ever had prolonged feelings of sadness or depression,157336,157336,Accruing,Categorical single,,Data,Primary,Unisex,1,1,Question asked: \Have you ever had a time in your life when you felt sad
5485-0.0,2.71E-05,1.31E-05,6.67E-05,3.56E-05,5485,UK Biobank Assessment Centre > Touchscreen > Health and medical history > Claudication and peripheral artery disease,100038,Leg pain when walking normally,51160,53750,Complete,Categorical single,,Data,Primary,Unisex,4,1,"ACE touchscreen question \Do you get pain when you walk at an ordinary pace on the level?\"" ~F5485~ was collected from participants who indicated that they get a pain in either leg on walking"
20494-0.0,8.54E-05,1.30E-05,6.67E-05,5.50E-05,20494,Online follow-up > Mental health > Traumatic events,145,Felt irritable or had angry outbursts in past month,71184,71184,Accruing,Categorical single,,Data,Primary,Unisex,1,1,"Question asked: \Please indicate how much you have been bothered by that problem in the past month: Feeling irritable or having angry outbursts?\""  Question was asked when ~F20497~ or ~F20498~ or ~F20495~ was at least \""A little bit\""."""
4526-0.0,6.65E-05,1.29E-05,8.89E-05,5.61E-05,4526,UK Biobank Assessment Centre > Touchscreen > Psychosocial factors > Mental health,100060,Happiness,214359,245135,Complete,Categorical single,,Data,Primary,Unisex,4,1,"ACE touchscreen question \In general how happy are you?\""  Question was introduced into the touchscreen interview part way through fieldwork in April 2009."""
3571-0.0,1.31E-05,1.29E-05,8.89E-05,3.83E-05,3571,UK Biobank Assessment Centre > Touchscreen > Health and medical history > Pain,100048,Back pain for 3+ months,137447,144474,Complete,Categorical single,,Data,Primary,Unisex,4,1,"ACE touchscreen question \Have you had back pains for more than 3 months?\"" ~F3571~ was collected from participants who indicated that in the last month they experienced back pain that interfered with their usual activities"
2237-0.0,2.27E-05,1.27E-05,6.67E-05,3.40E-05,2237,UK Biobank Assessment Centre > Touchscreen > Lifestyle and environment > Electronic device use,100053,Plays computer games,501582,574008,Complete,Categorical single,,Data,Primary,Unisex,4,1,"ACE touchscreen question \Do you play computer games?\"" If the participant activated the Help button they were shown the message:     Answer this question thinking about the past year.     """
20018-0.0,0.000158811,1.18E-05,6.67E-05,7.91E-05,20018,UK Biobank Assessment Centre > Cognitive function > Prospective memory,100031,Prospective memory result,211952,241166,Complete,Categorical single,,Data,Derived,Unisex,4,1,"This field condenses the results of the prospective memory test into 3 groups. It does not distinguish between people who, at the first attempt, followed the on-screen instruction (thereby giving an incorrect result) and people who remembered to ignore the instruction but did not correctly recall what to do instead. Please see the constituent parts ~F4292~ and ~F4293~ if additional detail is required."
5474-0.0,1.57E-05,1.18E-05,6.67E-05,3.14E-05,5474,UK Biobank Assessment Centre > Touchscreen > Health and medical history > Claudication and peripheral artery disease,100038,Leg pain when walking uphill or hurrying,51160,53750,Complete,Categorical single,,Data,Primary,Unisex,4,1,"ACE touchscreen question \Do you get pain when you walk uphill or hurry?\"" ~F5474~ was collected from participants who indicated that they get a pain in either leg on walking"
20547-0.0-1,3.47E-05,1.17E-05,4.44E-05,3.03E-05,20547,Online follow-up > Mental health > Depression,138,Activities undertaken to treat depression,40335,47683,Accruing,Categorical multiple,,Data,Primary,Unisex,1,2,Question asked: \Did you ever try talking therapies for these problems
20507-0.0,2.53E-05,1.16E-05,4.44E-05,2.71E-05,20507,Online follow-up > Mental health > Depression,138,Recent feelings of inadequacy,157336,157336,Accruing,Categorical single,,Data,Primary,Unisex,1,1,Question asked: \Over the last 2 weeks
20517-0.0,2.13E-05,1.03E-05,6.67E-05,3.27E-05,20517,Online follow-up > Mental health > Depression,138,"Trouble falling or staying asleep, or sleeping too much",157336,157336,Accruing,Categorical single,,Data,Primary,Unisex,1,1,Question asked: \Over the last 2 weeks
20495-0.0,2.77E-05,1.03E-05,4.44E-05,2.75E-05,20495,Online follow-up > Mental health > Traumatic events,145,Avoided activities or situations because of previous stressful experience in past month,157336,157336,Accruing,Categorical single,,Data,Primary,Unisex,1,1,"Question asked: \Next is a list of problems and complaints that people sometimes have in response to such extremely stressful experiences. Please indicate how much you have been bothered by that problem in the past month: Avoiding activities or situations because they reminded you of a stressful experience?\"""""
1220-0.0,2.94E-06,1.03E-05,6.67E-05,2.66E-05,1220,UK Biobank Assessment Centre > Touchscreen > Lifestyle and environment > Sleep,100057,Daytime dozing / sleeping (narcolepsy),501610,574036,Complete,Categorical single,,Data,Primary,Unisex,4,1,ACE touchscreen question \How likely are you to doze off or fall asleep during the daytime when you don't mean to? (e.g. when working
95-0.0,2.44E-05,1.02E-05,6.67E-05,3.38E-05,95,UK Biobank Assessment Centre > Physical measures > Blood pressure,100011,Pulse rate (during blood-pressure measurement),48862,81101,Complete,Integer,,Data,Primary,Unisex,4,2,Pulse measured during automated blood-pressure reading
4653-0.0,0.000195227,9.96E-06,4.44E-05,8.32E-05,4653,UK Biobank Assessment Centre > Touchscreen > Psychosocial factors > Mental health,100060,Ever highly irritable/argumentative for 2 days,214359,245135,Complete,Categorical single,,Data,Primary,Unisex,4,1,"ACE touchscreen question \Have you ever had a period of time lasting at least two days when you were so irritable that you found yourself shouting at people or starting fights or arguments?\""  Question was introduced part way through fieldwork in April 2009."""
1990-0.0,5.38E-06,9.93E-06,6.67E-05,2.73E-05,1990,UK Biobank Assessment Centre > Touchscreen > Psychosocial factors > Mental health,100060,Tense / 'highly strung',501595,574021,Complete,Categorical single,,Data,Primary,Unisex,4,1,"ACE touchscreen question \Would you call yourself tense or 'highly strung'?\"" If the participant activated the Help button they were shown the message:     Work through these questions quickly and do not think about the exact meaning of the question     """
2463-0.0,2.82E-06,9.91E-06,6.67E-05,2.65E-05,2463,UK Biobank Assessment Centre > Touchscreen > Health and medical history > Medical conditions,100044,Fractured/broken bones in last 5 years,501570,573996,Complete,Categorical single,,Data,Primary,Unisex,4,1,"ACE touchscreen question \Have you fractured/broken any bones in the last 5 years?\"""""
20117-0.0,1.49E-06,9.44E-06,2.22E-05,1.10E-05,20117,UK Biobank Assessment Centre > Touchscreen > Lifestyle and environment > Alcohol,100051,Alcohol drinker status,501604,574030,Accruing,Categorical single,,Data,Derived,Unisex,4,1,
20426-0.0,1.07E-05,9.40E-06,4.44E-05,2.15E-05,20426,Online follow-up > Mental health > Anxiety,140,Restless during period of worst anxiety,48768,48768,Accruing,Categorical single,,Data,Primary,Unisex,1,1,Question asked: \When you were worried or anxious
4501-0.0,3.84E-05,9.14E-06,4.44E-05,3.07E-05,4501,UK Biobank Assessment Centre > Touchscreen > Family history,100034,Non-accidental death in close genetic family,211165,241433,Complete,Categorical single,,Data,Primary,Unisex,4,1,Introduced part way through fieldwork in April 2009.  ACE touchscreen question \Have any of your mother
1960-0.0,2.55E-06,8.98E-06,4.44E-05,1.87E-05,1960,UK Biobank Assessment Centre > Touchscreen > Psychosocial factors > Mental health,100060,Fed-up feelings,501596,574022,Complete,Categorical single,,Data,Primary,Unisex,4,1,"ACE touchscreen question \Do you often feel 'fed-up'?\"" If the participant activated the Help button they were shown the message:     Work through these questions quickly and do not think about the exact meaning of the question     """
20473-0.0,2.60E-06,8.85E-06,4.44E-05,1.86E-05,20473,Online follow-up > Mental health > Unusual and psychotic experiences,144,Number of times seen an un-real vision,5029,5029,Accruing,Integer,,Data,Primary,Unisex,1,1,Question asked: \About how many times in your life did this happen (when you were not dreaming
1548-0.0,3.22E-06,8.54E-06,4.44E-05,1.87E-05,1548,UK Biobank Assessment Centre > Touchscreen > Lifestyle and environment > Diet,100052,Variation in diet,498721,570260,Complete,Categorical single,,Data,Primary,Unisex,4,1,"ACE touchscreen question \Does your diet vary much from week to week?\"""""
20552-0.0-2,9.09E-08,8.52E-06,2.22E-05,1.03E-05,20552,Online follow-up > Mental health > Addictions,141,Behavioural and miscellaneous addictions,2241,2327,Accruing,Categorical multiple,,Data,Primary,Unisex,1,2,"Question asked: \Were you addicted to (tick all that apply):\""  Participant was offered a set of options which have been combined here into a single answer  Question was asked when ~F20431~ was Yes."""
20422-0.0,1.73E-05,8.37E-06,4.44E-05,2.34E-05,20422,Online follow-up > Mental health > Anxiety,140,More irritable than usual during worst period of anxiety,48768,48768,Accruing,Categorical single,,Data,Primary,Unisex,1,1,Question asked: \When you were worried or anxious
20491-0.0,1.53E-05,7.95E-06,4.44E-05,2.26E-05,20491,Online follow-up > Mental health > Traumatic events,145,Someone to take to doctor when needed as a child,157336,157336,Accruing,Categorical single,,Data,Primary,Unisex,1,1,"Question asked: \When I was growing up... There was someone to take me to the doctor if I needed it\"""""
20548-0.0-5,1.02E-05,7.63E-06,4.44E-05,2.08E-05,20548,Online follow-up > Mental health > Mania,139,Manifestations of mania or irritability,29048,74851,Accruing,Categorical multiple,,Data,Primary,Unisex,1,8,"Question asked: \Please try to remember a period when you were in a \""high\"" or \""irritable\"" state and select all of the following that apply:\""  Participant was offered a set of options which have been combined here into a single answer  Question was asked when ~F20501~ was Yes or ~F20502~ was Yes."""
2936-0.0,2.12E-06,7.43E-06,4.44E-05,1.80E-05,2936,UK Biobank Assessment Centre > Touchscreen > Lifestyle and environment > Smoking,100058,Likelihood of resuming smoking,122708,137168,Complete,Categorical single,,Data,Primary,Unisex,4,1,"ACE touchscreen question \Do you think you may start smoking again?\"" ~F2936~ was collected from participants who indicated that in the past they smoked tobacco on most or all days"
2000-0.0,5.52E-05,7.25E-06,2.22E-05,2.82E-05,2000,UK Biobank Assessment Centre > Touchscreen > Psychosocial factors > Mental health,100060,Worry too long after embarrassment,501595,574021,Complete,Categorical single,,Data,Primary,Unisex,4,1,"ACE touchscreen question \Do you worry too long after an embarrassing experience?\"" If the participant activated the Help button they were shown the message:     Work through these questions quickly and do not think about the exact meaning of the question     """
2453-0.0,1.65E-06,7.24E-06,2.22E-05,1.04E-05,2453,UK Biobank Assessment Centre > Touchscreen > Health and medical history > Medical conditions,100044,Cancer diagnosed by doctor,501570,573996,Complete,Categorical single,,Data,Primary,Unisex,4,1,"ACE touchscreen question \Has a doctor ever told you that you have had cancer?\"" If the participant activated the Help button they were shown the message:     If you are unsure if you have been told you had cancer"
4642-0.0,1.92E-05,7.05E-06,4.44E-05,2.36E-05,4642,UK Biobank Assessment Centre > Touchscreen > Psychosocial factors > Mental health,100060,Ever manic/hyper for 2 days,214359,245135,Complete,Categorical single,,Data,Primary,Unisex,4,1,ACE touchscreen question \Have you ever had a period of time lasting at least two days when you were feeling so good
1538-0.0,4.88E-07,6.97E-06,2.22E-05,9.89E-06,1538,UK Biobank Assessment Centre > Touchscreen > Lifestyle and environment > Diet,100052,Major dietary changes in the last 5 years,501604,574030,Complete,Categorical single,,Data,Primary,Unisex,4,1,"ACE touchscreen question \Have you made any major changes to your diet in the last 5 years?\"""""
1210-0.0,2.49E-06,6.86E-06,4.44E-05,1.79E-05,1210,UK Biobank Assessment Centre > Touchscreen > Lifestyle and environment > Sleep,100057,Snoring,501610,574036,Complete,Categorical single,,Data,Primary,Unisex,4,1,"ACE touchscreen question \Does your partner or a close relative or friend complain about your snoring?\"" If the participant activated the Help button they were shown the message:     If you are unsure"
20544-0.0-10,4.24E-06,6.82E-06,4.44E-05,1.85E-05,20544,Online follow-up > Mental health > Mental distress,137,Depression diagnosed by professional,50088,74866,Accruing,Categorical multiple,,Data,Primary,Unisex,1,16,Question asked: \Have you been diagnosed with one or more of the following mental health problems by a professional
20544-0.0-13,1.43E-06,6.78E-06,4.44E-05,1.76E-05,20544,Online follow-up > Mental health > Mental distress,137,Depression diagnosed by professional,50088,74866,Accruing,Categorical multiple,,Data,Primary,Unisex,1,16,Question asked: \Have you been diagnosed with one or more of the following mental health problems by a professional
1349-0.0,2.09E-05,6.70E-06,4.44E-05,2.40E-05,1349,UK Biobank Assessment Centre > Touchscreen > Lifestyle and environment > Diet,100052,Processed meat intake,501606,574032,Complete,Categorical single,,Data,Primary,Unisex,4,1,ACE touchscreen question \How often do you eat processed meats (such as bacon
20551-0.0-3,1.23E-06,6.60E-06,4.44E-05,1.74E-05,20551,Online follow-up > Mental health > Addictions,141,Substance of prescription or over-the-counter medication addiction,1317,1430,Accruing,Categorical multiple,,Data,Primary,Unisex,1,3,"Question asked: \Was this addiction or dependence to one of the following? (tick all that apply)\""  Participant was offered a set of options which have been combined here into a single answer  Question was asked when ~F20503~ was Yes."""
20425-0.0,2.74E-06,6.22E-06,4.44E-05,1.78E-05,20425,Online follow-up > Mental health > Anxiety,140,Ever worried more than most people would in similar situation,157336,157336,Accruing,Categorical single,,Data,Primary,Unisex,1,1,"Question asked: \People differ a lot in how much they worry about things. Did you ever have a time when you worried a lot more than most people would in your situation?\"""""
6374-2.0,0.000108591,6.21E-06,4.44E-05,5.31E-05,6374,UK Biobank Assessment Centre > Cognitive function > Matrix pattern completion,501,Number of puzzles viewed,33604,36343,Accruing,Integer,attempts,Data,Primary,Unisex,2,1,This is the number of puzzles which the participant viewed irrespective of whether they supplied any answer (though the were unable to progress to the next puzzle without supplying an answer). The range is 0-15.   If the participant did not attempt all 15 puzzles then this value is likely to be greater than the number of entries for ~F6332~ and ~F6333~ as it will usually include a last puzzle which was viewed by the participant but for which an answer was not selected within the overall time limit.
4548-0.0,2.05E-05,5.13E-06,2.22E-05,1.60E-05,4548,UK Biobank Assessment Centre > Touchscreen > Psychosocial factors > Mental health,100060,Health satisfaction,214359,245135,Complete,Categorical single,,Data,Primary,Unisex,4,1,"ACE touchscreen question \In general how satisfied are you with your HEALTH?\""  Question was introduced part way through fieldwork in April 2009."""
3731-0.0,5.49E-06,5.06E-06,2.22E-05,1.09E-05,3731,UK Biobank Assessment Centre > Touchscreen > Lifestyle and environment > Alcohol,100051,Former alcohol drinker,42323,45489,Complete,Categorical single,,Data,Primary,Unisex,4,1,"ACE touchscreen question \Did you previously drink alcohol?\"" ~F3731~ was collected from participants who indicated they never drink alcohol"
2070-0.0,9.63E-07,4.71E-06,2.22E-05,9.30E-06,2070,UK Biobank Assessment Centre > Touchscreen > Psychosocial factors > Mental health,100060,Frequency of tenseness / restlessness in last 2 weeks,501592,574018,Complete,Categorical single,,Data,Primary,Unisex,4,1,ACE touchscreen question \Over the past two weeks
5452-0.0,3.31E-06,4.38E-06,2.22E-05,9.97E-06,5452,UK Biobank Assessment Centre > Touchscreen > Health and medical history > Claudication and peripheral artery disease,100038,Leg pain when standing still or sitting,51160,53750,Complete,Categorical single,,Data,Primary,Unisex,4,1,"ACE touchscreen question \Does this pain ever begin when you are standing still or sitting?\"" ~F5452~ was collected from participants who indicated that they get a pain in either leg on walking"
3773-0.0,5.29E-06,4.12E-06,2.22E-05,1.05E-05,3773,UK Biobank Assessment Centre > Touchscreen > Health and medical history > Pain,100048,Knee pain for 3+ months,116186,122275,Complete,Categorical single,,Data,Primary,Unisex,4,1,"ACE touchscreen question \Have you had knee pains for more than 3 months?\"" ~F3773~ was collected from participants who indicated that in the last month they experienced knee pain that interfered with their usual activities"
1747-0.0,6.18E-06,4.01E-06,2.22E-05,1.08E-05,1747,UK Biobank Assessment Centre > Touchscreen > Lifestyle and environment > Sun exposure,100055,"Hair colour (natural, before greying)",501591,533588,Complete,Categorical single,,Data,Primary,Unisex,3,1,ACE touchscreen question \What best describes your natural hair colour? (If your hair colour is grey
6373-2.0,1.41E-06,3.94E-06,2.22E-05,9.19E-06,6373,UK Biobank Assessment Centre > Cognitive function > Matrix pattern completion,501,Number of puzzles correctly solved,33604,36343,Accruing,Integer,correct-answers,Data,Primary,Unisex,2,1,This is the number of puzzles for which the participant gave the correct solution. It should be used in conjunction with ~F6374~ which describes the number of puzzles attempted. The range is 0-15.
20471-0.0,1.58E-06,3.85E-06,2.22E-05,9.22E-06,20471,Online follow-up > Mental health > Unusual and psychotic experiences,144,Ever seen an un-real vision,157336,157336,Accruing,Categorical single,,Data,Primary,Unisex,1,1,"Question asked: \Did you ever see something that wasn't really there that other people could not see?\"""""
4728-0.0,2.86E-05,3.85E-06,2.22E-05,1.82E-05,4728,UK Biobank Assessment Centre > Touchscreen > Health and medical history > Claudication and peripheral artery disease,100038,Leg pain on walking,214359,245135,Complete,Categorical single,,Data,Primary,Unisex,4,1,"ACE touchscreen question \Do you get a pain in either leg on walking?\"""""
20548-0.0-1,9.13E-06,3.80E-06,2.22E-05,1.17E-05,20548,Online follow-up > Mental health > Mania,139,Manifestations of mania or irritability,29048,74851,Accruing,Categorical multiple,,Data,Primary,Unisex,1,8,"Question asked: \Please try to remember a period when you were in a \""high\"" or \""irritable\"" state and select all of the following that apply:\""  Participant was offered a set of options which have been combined here into a single answer  Question was asked when ~F20501~ was Yes or ~F20502~ was Yes."""
1190-0.0,1.38E-05,3.79E-06,2.22E-05,1.33E-05,1190,UK Biobank Assessment Centre > Touchscreen > Lifestyle and environment > Sleep,100057,Nap during day,501611,574037,Complete,Categorical single,,Data,Primary,Unisex,4,1,"ACE touchscreen question \Do you have a nap during the day?\"" If the participant activated the Help button they were shown the message:     If this varies a lot"
6771-2.0,3.13E-05,3.74E-06,2.22E-05,1.91E-05,6771,UK Biobank Assessment Centre > Cognitive function > Trail making,505,Errors before selecting correct item in alphanumeric path (trail #2),15235,27653,Accruing,Integer,error-count,Data,Derived,Unisex,2,24,Errors before selecting a particular correct item in alphanumeric path (trail #2). Only values greater than zero are recorded.  It is possible that the value recorded here is less than the sum of the values in ~F6351~ since this field does not count mistakes made on the latest circle when the trail timed-out before it was correctly selected.
20550-0.0-1,3.31E-06,3.32E-06,2.22E-05,9.61E-06,20550,Online follow-up > Mental health > Anxiety,140,Activities undertaken to treat anxiety,24208,29157,Accruing,Categorical multiple,,Data,Primary,Unisex,1,2,Question asked: \Did you ever try talking therapies for these problems
20423-0.0,3.88E-06,3.23E-06,2.22E-05,9.78E-06,20423,Online follow-up > Mental health > Anxiety,140,Keyed up or on edge during worst period of anxiety,48768,48768,Accruing,Categorical single,,Data,Primary,Unisex,1,1,Question asked: \When you were worried or anxious
5463-0.0,1.63E-06,3.19E-06,2.22E-05,9.01E-06,5463,UK Biobank Assessment Centre > Touchscreen > Health and medical history > Claudication and peripheral artery disease,100038,Leg pain in calf/calves,51160,53750,Complete,Categorical single,,Data,Primary,Unisex,4,1,"ACE touchscreen question \Do you get this pain in your calf (calves)?\"" ~F5463~ was collected from participants who indicated that they get a pain in either leg on walking"
5507-0.0,1.37E-05,3.18E-06,2.22E-05,1.30E-05,5507,UK Biobank Assessment Centre > Touchscreen > Health and medical history > Claudication and peripheral artery disease,100038,Leg pain on walking : action taken,51160,53750,Complete,Categorical single,,Data,Primary,Unisex,4,1,"ACE touchscreen question \What do you do if you get pain when you are walking?\"" ~F5507~ was collected from participants who indicated that they get a pain in either leg on walking"
2010-0.0,1.79E-06,3.16E-06,2.22E-05,9.06E-06,2010,UK Biobank Assessment Centre > Touchscreen > Psychosocial factors > Mental health,100060,Suffer from 'nerves',501595,574021,Complete,Categorical single,,Data,Primary,Unisex,4,1,"ACE touchscreen question \Do you suffer from 'nerves'?\"" If the participant activated the Help button they were shown the message:     Work through these questions quickly and do not think about the exact meaning of the question     """
6349-2.0,1.78E-05,3.01E-06,2.22E-05,1.43E-05,6349,UK Biobank Assessment Centre > Cognitive function > Trail making,505,Total errors traversing numeric path (trail #1),33992,36778,Accruing,Integer,error-count,Data,Primary,Unisex,2,1,Total errors made while traversing numeric path. A zero value here does not indicate that the participant completed the trail without problems as it is possible they abandoned during the process prior to making any mistakes - see ~F6348~ to determine whether they actually completed the trail.
20544-0.0-18,0,,,,20544,Online follow-up > Mental health > Mental distress,137,Depression diagnosed by professional,50088,74866,Accruing,Categorical multiple,,Data,Primary,Unisex,1,16,Question asked: \Have you been diagnosed with one or more of the following mental health problems by a professional
20551-0.0-4,0,,,,20551,Online follow-up > Mental health > Addictions,141,Substance of prescription or over-the-counter medication addiction,1317,1430,Accruing,Categorical multiple,,Data,Primary,Unisex,1,3,"Question asked: \Was this addiction or dependence to one of the following? (tick all that apply)\""  Participant was offered a set of options which have been combined here into a single answer  Question was asked when ~F20503~ was Yes."""
20544-0.0-12,0,,,,20544,Online follow-up > Mental health > Mental distress,137,Depression diagnosed by professional,50088,74866,Accruing,Categorical multiple,,Data,Primary,Unisex,1,16,Question asked: \Have you been diagnosed with one or more of the following mental health problems by a professional
20544-0.0-2,0,,,,20544,Online follow-up > Mental health > Mental distress,137,Depression diagnosed by professional,50088,74866,Accruing,Categorical multiple,,Data,Primary,Unisex,1,16,Question asked: \Have you been diagnosed with one or more of the following mental health problems by a professional
20548-0.0-7,0,,,,20548,Online follow-up > Mental health > Mania,139,Manifestations of mania or irritability,29048,74851,Accruing,Categorical multiple,,Data,Primary,Unisex,1,8,"Question asked: \Please try to remember a period when you were in a \""high\"" or \""irritable\"" state and select all of the following that apply:\""  Participant was offered a set of options which have been combined here into a single answer  Question was asked when ~F20501~ was Yes or ~F20502~ was Yes."""
20546-0.0-1,0,,,,20546,Online follow-up > Mental health > Depression,138,Drugs or alcohol  taken for depression,45709,54575,Accruing,Categorical multiple,,Data,Primary,Unisex,1,3,"Question asked: \Did you ever try the following for these problems? (tick all that apply)\""  Participant was offered a set of options which have been combined here into a single answer  Question was asked when ~F20446~ was Yes or ~F20441~ was Yes."""
20551-0.0-2,0,,,,20551,Online follow-up > Mental health > Addictions,141,Substance of prescription or over-the-counter medication addiction,1317,1430,Accruing,Categorical multiple,,Data,Primary,Unisex,1,3,"Question asked: \Was this addiction or dependence to one of the following? (tick all that apply)\""  Participant was offered a set of options which have been combined here into a single answer  Question was asked when ~F20503~ was Yes."""
20548-0.0-6,0,,,,20548,Online follow-up > Mental health > Mania,139,Manifestations of mania or irritability,29048,74851,Accruing,Categorical multiple,,Data,Primary,Unisex,1,8,"Question asked: \Please try to remember a period when you were in a \""high\"" or \""irritable\"" state and select all of the following that apply:\""  Participant was offered a set of options which have been combined here into a single answer  Question was asked when ~F20501~ was Yes or ~F20502~ was Yes."""
20549-0.0-4,0,,,,20549,Online follow-up > Mental health > Anxiety,140,Substances taken for anxiety,26499,32400,Accruing,Categorical multiple,,Data,Primary,Unisex,1,3,"Question asked: \Did you ever use the following for the worry or the problems it caused? (tick all that apply):\""  Participant was offered a set of options which have been combined here into a single answer  Question was asked when ~F20425~ was Yes or ~F20420~ was at least 6 months."""
20549-0.0-1,0,,,,20549,Online follow-up > Mental health > Anxiety,140,Substances taken for anxiety,26499,32400,Accruing,Categorical multiple,,Data,Primary,Unisex,1,3,"Question asked: \Did you ever use the following for the worry or the problems it caused? (tick all that apply):\""  Participant was offered a set of options which have been combined here into a single answer  Question was asked when ~F20425~ was Yes or ~F20420~ was at least 6 months."""
20549-0.0-3,0,,,,20549,Online follow-up > Mental health > Anxiety,140,Substances taken for anxiety,26499,32400,Accruing,Categorical multiple,,Data,Primary,Unisex,1,3,"Question asked: \Did you ever use the following for the worry or the problems it caused? (tick all that apply):\""  Participant was offered a set of options which have been combined here into a single answer  Question was asked when ~F20425~ was Yes or ~F20420~ was at least 6 months."""
20547-0.0-3,0,,,,20547,Online follow-up > Mental health > Depression,138,Activities undertaken to treat depression,40335,47683,Accruing,Categorical multiple,,Data,Primary,Unisex,1,2,Question asked: \Did you ever try talking therapies for these problems
20550-0.0-3,0,,,,20550,Online follow-up > Mental health > Anxiety,140,Activities undertaken to treat anxiety,24208,29157,Accruing,Categorical multiple,,Data,Primary,Unisex,1,2,Question asked: \Did you ever try talking therapies for these problems
1980-0.0,0,,,,1980,UK Biobank Assessment Centre > Touchscreen > Psychosocial factors > Mental health,100060,Worrier / anxious feelings,501595,574021,Complete,Categorical single,,Data,Primary,Unisex,4,1,"ACE touchscreen question \Are you a worrier?\"" If the participant activated the Help button they were shown the message:     Work through these questions quickly and do not think about the exact meaning of the question     """
20544-0.0-16,0,,,,20544,Online follow-up > Mental health > Mental distress,137,Depression diagnosed by professional,50088,74866,Accruing,Categorical multiple,,Data,Primary,Unisex,1,16,Question asked: \Have you been diagnosed with one or more of the following mental health problems by a professional
20544-0.0-14,0,,,,20544,Online follow-up > Mental health > Mental distress,137,Depression diagnosed by professional,50088,74866,Accruing,Categorical multiple,,Data,Primary,Unisex,1,16,Question asked: \Have you been diagnosed with one or more of the following mental health problems by a professional
398-0.1,0,,,,398,UK Biobank Assessment Centre > Cognitive function > Pairs matching,100030,Number of correct matches in round,498734,1168787,Complete,Integer,,Data,Primary,Unisex,4,3,"This is the number of correct matches in the round. It should always be 3 for a 2x3 game and 6 for a 3x4 game, unless the participant abandoned before finishing."
6770-2.0,0,,,,6770,UK Biobank Assessment Centre > Cognitive function > Trail making,505,Errors before selecting correct item in numeric path (trail #1),11100,14038,Accruing,Integer,error-count,Data,Derived,Unisex,2,24,Errors before selecting a particular correct item in numeric path (trail #1). Only values greater than zero are recorded.  It is possible that the value recorded here is less than the sum of the values in ~F6349~ since this field does not count mistakes made on the latest circle when the trail timed-out before it was correctly selected.
1677-0.0,0,,,,1677,UK Biobank Assessment Centre > Touchscreen > Early life factors,100033,Breastfed as a baby,501592,533589,Complete,Categorical single,,Data,Primary,Unisex,3,1,"ACE touchscreen question \Were you breastfed when you were a baby?\""   This question was dropped from the touchscreen protocol on 24/10/2016."""
5529-0.0,0,,,,5529,UK Biobank Assessment Centre > Touchscreen > Health and medical history > Claudication and peripheral artery disease,100038,Surgery on leg arteries (other than for varicose veins),51160,53750,Complete,Categorical single,,Data,Primary,Unisex,4,1,"ACE touchscreen question \Have you ever had surgery on the arteries of your legs (other than for varicose veins)?\"" ~F5529~ was collected from participants who indicated that they get a pain in either leg on walking"
5540-0.0,0,,,,5540,UK Biobank Assessment Centre > Touchscreen > Health and medical history > Claudication and peripheral artery disease,100038,Surgery/amputation of toe or leg,51160,53750,Complete,Categorical single,,Data,Primary,Unisex,4,1,"ACE touchscreen question \Have you ever had surgery to remove any of the following?\"" ~F5540~ was collected from participants who indicated that they get a pain in either leg on walking"
2296-0.0,0,,,,2296,UK Biobank Assessment Centre > Touchscreen > Health and medical history > General health,100042,Falls in the last year,501582,574008,Complete,Categorical single,,Data,Primary,Unisex,4,1,"ACE touchscreen question \In the last year have you had any falls?\"""""
2443-0.0,0,,,,2443,UK Biobank Assessment Centre > Touchscreen > Health and medical history > Medical conditions,100044,Diabetes diagnosed by doctor,501570,573996,Complete,Categorical single,,Data,Primary,Unisex,4,1,"ACE touchscreen question \Has a doctor ever told you that you have diabetes?\"" If the participant activated the Help button they were shown the message:     If you are unsure if you have been told you had diabetes"
3404-0.0,0,,,,3404,UK Biobank Assessment Centre > Touchscreen > Health and medical history > Pain,100048,Neck/shoulder pain for 3+ months,123788,129390,Complete,Categorical single,,Data,Primary,Unisex,4,1,"ACE touchscreen question \Have you had neck or shoulder pains for more than 3 months?\"" ~F3404~ was collected from participants who indicated that in the last month they experienced neck or shoulder pain that interfered with their usual activities"
3799-0.0,0,,,,3799,UK Biobank Assessment Centre > Touchscreen > Health and medical history > Pain,100048,Headaches for 3+ months,106303,111428,Complete,Categorical single,,Data,Primary,Unisex,4,1,"ACE touchscreen question \Have you had headaches for more than 3 months?\"" ~F3799~ was collected from participants who indicated that in the last month they experienced headache that interfered with their usual activities"
31-0.0,0,,,,31,Population characteristics > Baseline characteristics,100094,Sex,502484,502484,Complete,Categorical single,,Data,Primary,Unisex,1,1,"Sex of participant.  Acquired from central registry at recruitment, but in some cases updated by the participant. Hence this field may contain a mixture of the sex the NHS had recorded for the participant and self-reported sex."
20122-0.0,0,,,,20122,UK Biobank Assessment Centre > Touchscreen > Psychosocial factors > Mental health,100060,Bipolar disorder status,1615,1615,Complete,Categorical single,,Data,Derived,Unisex,1,1,"This derived data field has come from Professor Jill Pell from the Institute of Health &amp; Wellbeing, University of Glasgow. Methods on how these fields were derived can be found in the Additional Resources tab."
20407-0.0,0,,,,20407,Online follow-up > Mental health > Alcohol use,142,Frequency of failure to fulfil normal expectations due to drinking alcohol in last year,85195,85195,Accruing,Categorical single,,Data,Primary,Unisex,1,1,"Question asked: \How often during the last year have you failed to do what was normally expected from you because of drinking?\""  Question was asked when the sum of the answer to ~F20403~ plus the answer to ~F20416~ was 3 or above. Participants responding \""prefer not to answer\"" to one of these trigger questions were scored as 1 for that question."""
20412-0.0,0,,,,20412,Online follow-up > Mental health > Alcohol use,142,Frequency of needing morning drink of alcohol after heavy drinking session in last year,85195,85195,Accruing,Categorical single,,Data,Primary,Unisex,1,1,"Question asked: \How often during the last year have you needed a first drink in the morning to get yourself going after a heavy drinking session?\""  Question was asked when the sum of the answer to ~F20403~ plus the answer to ~F20416~ was 3 or above. Participants responding \""prefer not to answer\"" to one of these trigger questions were scored as 1 for that question."""
20421-0.0,0,,,,20421,Online follow-up > Mental health > Anxiety,140,"Ever felt worried, tense, or anxious for most of a month or longer",157336,157336,Accruing,Categorical single,,Data,Primary,Unisex,1,1,Question asked: \Have you ever had a period lasting one month or longer when most of the time you felt worried
20502-0.0,0,,,,20502,Online follow-up > Mental health > Mania,139,Ever had period extreme irritability,157336,157336,Accruing,Categorical single,,Data,Primary,Unisex,1,1,"Question asked: \Have you ever had a period of time when you were so irritable that you found yourself shouting at people or starting fights or arguments?\"""""
20508-0.0,0,,,,20508,Online follow-up > Mental health > Depression,138,Recent trouble concentrating on things,157336,157336,Accruing,Categorical single,,Data,Primary,Unisex,1,1,Question asked: \Over the last 2 weeks
20518-0.0,0,,,,20518,Online follow-up > Mental health > Depression,138,Recent changes in speed/amount of moving or speaking,157336,157336,Accruing,Categorical single,,Data,Primary,Unisex,1,1,Question asked: \Over the last 2 weeks
20528-0.0,0,,,,20528,Online follow-up > Mental health > Traumatic events,145,Diagnosed with life-threatening illness,157336,157336,Accruing,Categorical single,,Data,Primary,Unisex,1,1,Question asked: \In your life
20533-0.0,0,,,,20533,Online follow-up > Mental health > Depression,138,Trouble falling asleep,60900,60900,Accruing,Categorical single,,Data,Primary,Unisex,1,1,"Question asked: \Was that: [re sleep change] Trouble falling asleep\""  Question was asked when ~F20532~ was Yes."""
20538-0.0,0,,,,20538,Online follow-up > Mental health > Anxiety,140,Worried most days during period of worst anxiety,48768,48768,Accruing,Categorical single,,Data,Primary,Unisex,1,1,Question asked: \Please think of the period in your life when you have felt worried
20542-0.0,0,,,,20542,Online follow-up > Mental health > Anxiety,140,Stronger worrying (than other people) during period of worst anxiety,48768,48768,Accruing,Categorical single,,Data,Primary,Unisex,1,1,Question asked: \Please think of the period in your life when you have felt worried
20544-0.0-17,0,,,,20544,Online follow-up > Mental health > Mental distress,137,Depression diagnosed by professional,50088,74866,Accruing,Categorical multiple,,Data,Primary,Unisex,1,16,Question asked: \Have you been diagnosed with one or more of the following mental health problems by a professional
20544-0.0-5,0,,,,20544,Online follow-up > Mental health > Mental distress,137,Depression diagnosed by professional,50088,74866,Accruing,Categorical multiple,,Data,Primary,Unisex,1,16,Question asked: \Have you been diagnosed with one or more of the following mental health problems by a professional
20544-0.0-1,0,,,,20544,Online follow-up > Mental health > Mental distress,137,Depression diagnosed by professional,50088,74866,Accruing,Categorical multiple,,Data,Primary,Unisex,1,16,Question asked: \Have you been diagnosed with one or more of the following mental health problems by a professional
20544-0.0-7,0,,,,20544,Online follow-up > Mental health > Mental distress,137,Depression diagnosed by professional,50088,74866,Accruing,Categorical multiple,,Data,Primary,Unisex,1,16,Question asked: \Have you been diagnosed with one or more of the following mental health problems by a professional
20552-0.0-1,0,,,,20552,Online follow-up > Mental health > Addictions,141,Behavioural and miscellaneous addictions,2241,2327,Accruing,Categorical multiple,,Data,Primary,Unisex,1,2,"Question asked: \Were you addicted to (tick all that apply):\""  Participant was offered a set of options which have been combined here into a single answer  Question was asked when ~F20431~ was Yes."""